[
  {
    "name": "hansReported",
    "icon": "good",
    "players": 59,
    "title": " denunciou o Hans.",
    "subtitle": "Outros deram uma arma para um nazista. A Vault-Tec realmente sabe como escolher os com morte cerebral."
  },
  {
    "name": "hansGotGun",
    "icon": "hans",
    "players": 41,
    "title": " arranjou uma arma para o Hans.",
    "subtitle": "Outros o denunciaram para o papai Supervisor. Eles serão os primeiros na sua linha de fogo quando ele se preparar."
  },
  {
    "name": "sidedWithResistenceLeader",
    "icon": "tense",
    "players": 92,
    "title": " não aguenta mais.",
    "subtitle": "Outros se submeteram ao regime do Supervisor. Que seus genes morram com eles."
  },
  {
    "name": "refusedToSideWithResistenceLeader",
    "icon": "purity_police",
    "players": 7,
    "title": " se recusou a ajudar.",
    "subtitle": "Outros escolheram a liberdade... e a masturbação furiosa."
  },
  {
    "name": "ToddBlessingComplete",
    "icon": "panic",
    "players": 96,
    "title": " reiniciou em pânico.",
    "subtitle": "Outros dobraram a aposta e beberam o sangue direto dos canos de esgoto."
  },
  {
    "name": "refusedToAcceptToddBlessing",
    "icon": "psycho",
    "players": 4,
    "title": " recusou a bênção.",
    "subtitle": "Outros reiniciaram a realidade para dormir à noite. Durmam bem, criminosos de guerra."
  },
  {
    "name": "accepted_baron_quest",
    "icon": "merc",
    "players": 95,
    "title": " concordou em matar o renegado.",
    "subtitle": "Outros passaram o serviço."
  },
  {
    "name": "accepted_baron_quest2",
    "icon": "merc3",
    "players": 95,
    "title": " concordou em matar o renegado.",
    "subtitle": "Outros passaram o serviço."
  },
  {
    "name": "refused_baron_quest",
    "icon": "good",
    "players": 5,
    "title": " se recusou a matar o renegado.",
    "subtitle": "Outros aceitaram o trabalho: <i>“A Irmandade não faz sacanagem, esquisito — a gente dá bala.“</i>"
  },
  {
    "name": "refused_joinning_gay_bos",
    "icon": "refused gay",
    "players": 36,
    "title": " se recusou a entrar.",
    "subtitle": "Outros ouviram “o caminho do pau” e abaixaram as calças antes do aperto de mão."
  },
  {
    "name": "agreed_joinning_gay_bos",
    "icon": "gay bos",
    "players": 64,
    "title": " agora são gays.",
    "subtitle": "Outros recusaram porque estão guardando seus buracos para Jesus e as baratas radioativas."
  },
  {
    "name": "accepted_overseer_daughter_request",
    "icon": "deathclaw",
    "players": 89,
    "title": " concordou em ajudar.",
    "subtitle": "Outros deduraram imediatamente, chorando, ”Papai, sua filha está pedindo molho de esperma de mutante de novo!”"
  },
  {
    "name": "refused_overseer_daughter_request",
    "icon": "purity_police",
    "players": 10,
    "title": " se recusou a ajudar.",
    "subtitle": "Outros mal podiam esperar para acariciar bolas de répteis."
  },
  {
    "name": "refused_jass_request",
    "icon": "purity_police",
    "players": 30,
    "title": " denunciou a Jass.",
    "subtitle": "Outros entraram em modo tarado total."
  },
  {
    "name": "took_jass_request",
    "icon": "panty thief",
    "players": 70,
    "title": " concordou em ajudar.",
    "subtitle": "Outros deduraram a Jass."
  },
  {
    "name": "grace_sold_to_supermutants",
    "icon": "super mutant",
    "players": 64,
    "title": " vendeu a Grace.",
    "subtitle": "Outros devolveram a Grace ao pai dela."
  },
  {
    "name": "wastelanders_in_need_gave_caps",
    "icon": "helping",
    "players": 84,
    "title": " deu caps.",
    "subtitle": "13% deram caps, 42% deram a mais, 15% trocaram por revistas, 11% pediram para ver os peitos, 9% os roubaram e 8% se recusaram."
  },
  {
    "name": "wastelanders_in_need_took_took_caps",
    "icon": "bad bullies",
    "players": 16,
    "title": " pegou caps.",
    "subtitle": "13% deram caps, 42% deram a mais, 15% trocaram por revistas, 11% pediram para ver os peitos, 9% os roubaram e 8% se recusaram."
  },
  {
    "name": "vault_test_pragmatic",
    "icon": "mommy boy",
    "players": 17,
    "title": " são bons filhinhos da mamãe.",
    "subtitle": "25% Valentões, 38% Capitalistas da Wasteland, 14% Degenerados Descontrolados, 4% Quase Loucos."
  },
  {
    "name": "vault_test_sadistic",
    "icon": "bad bullies",
    "players": 25,
    "title": " são Valentões.",
    "subtitle": "38% Capitalistas da Wasteland, 17% Bons Filhinhos da Mamãe, 14% Degenerados Descontrolados, 4% Quase Loucos."
  },
  {
    "name": "vault_test_exploitation",
    "icon": "capitalist",
    "players": 38,
    "title": " são Capitalistas da Wasteland.",
    "subtitle": "25% Valentões, 17% Bons Filhinhos da Mamãe, 14% Degenerados Descontrolados, 4% Quase Loucos."
  },
  {
    "name": "vault_test_perversion",
    "icon": "unhinged_degens",
    "players": 14,
    "title": " são Degenerados Descontrolados.",
    "subtitle": "38% Capitalistas da Wasteland, 25% Valentões, 17% Bons Filhinhos da Mamãe, 4% Quase Loucos."
  },
  {
    "name": "vault_test_chaotic",
    "icon": "madman",
    "players": 4,
    "title": " são Quase Loucos.",
    "subtitle": "38% Capitalistas da Wasteland, 25% Valentões, 17% Bons Filhinhos da Mamãe, 14% Degenerados Descontrolados."
  },
  {
    "name": "ending_reached",
    "icon": "ending",
    "players": 7,
    "title": " alcançou o Sirirocalipse.",
    "subtitle": "O refúgio virou um criadouro. Literalmente."
  },
  {
    "name": "grace_returned_home",
    "icon": "grace home",
    "players": 36,
    "title": " levou a Grace para casa.",
    "subtitle": "Outros a venderam para super mutantes..."
  },
  {
    "name": "took_food_from_gina",
    "icon": "gina oopsie",
    "players": 88,
    "title": " aceitou a comida.",
    "subtitle": "Outros a denunciaram."
  },
  {
    "name": "took_food_from_gina2",
    "icon": "gina_oopsie",
    "players": 88,
    "title": " aceitou a comida.",
    "subtitle": "Outros a denunciaram."
  },
  {
    "name": "refused_food_from_gina",
    "icon": "purity_police",
    "players": 12,
    "title": " a denunciou.",
    "subtitle": "Outros pegaram a comida."
  },
  {
    "name": "tina_defeated",
    "icon": "tina defeated",
    "players": 55,
    "title": " derrotou a Tina.",
    "subtitle": "Outros sangraram até a morte gritando."
  },
  {
    "name": "bos_leader_defeated",
    "icon": "bos defeated",
    "players": 21,
    "title": " derrotou o renegado da BoS.",
    "subtitle": "Outros desmoronaram muito antes da verdadeira luta começar."
  },
  {
    "name": "watching_diana_masturbating_in_her_room",
    "icon": "peep3",
    "players": 82,
    "title": " espiou a Diana.",
    "subtitle": "Outros a deduraram para a Polícia da Pureza."
  },
  {
    "name": "reporting_diana_for_masturbating_in_her_room",
    "icon": "purity_police",
    "players": 18,
    "title": " denunciou a Diana.",
    "subtitle": "Outros a observaram polir a buceta como tarados."
  },
  {
    "name": "chose_to_exile_pregnant_vault_dweller",
    "icon": "pregnant 1",
    "players": 40,
    "title": " a exilou.",
    "subtitle": "Outros convenceram a Polícia da Pureza a deixar a infratora ficar."
  },
  {
    "name": "chose_to_spare_pregnant_vault_dweller",
    "icon": "pregnant 1",
    "players": 60,
    "title": " a poupou.",
    "subtitle": "Outros convenceram a Polícia da Pureza a exilar a infratora."
  },
  {
    "name": "50_enemies_killed",
    "icon": "slayer",
    "players": 28,
    "title": " matou 50 inimigos.",
    "subtitle": "Você não apenas sobreviveu à Wasteland — você a limpou."
  },
  {
    "name": "100_enemies_killed",
    "icon": "100_enemies",
    "players": 12,
    "title": " matou 100 inimigos.",
    "subtitle": "A Wasteland não te transformou em um monstro — ela libertou o filho da puta que há em você."
  },
  {
    "name": "grow_cucumber",
    "icon": "cucumber",
    "players": 28,
    "title": " conseguiu pepinos para a Gina.",
    "subtitle": "A Vault-Tec disse 'agricultura'; você ouviu 'projeto de penetração aprimorada'."
  },
  {
    "name": "on_watch_list",
    "icon": "sus high",
    "players": 30,
    "title": " estão na lista de observação agora.",
    "subtitle": "O Nível de Suspeita ultrapassou um limiar crítico e a Polícia da Pureza está de olho em você."
  },
  {
    "name": "boner_repression_trials_passed",
    "icon": "trials",
    "players": 30,
    "title": " passou nos testes.",
    "subtitle": "Outros gozaram em cima do oficial."
  },
  {
    "name": "sexbot_repaired",
    "icon": "sexbot",
    "players": 14,
    "title": " consertou o robô sexual.",
    "subtitle": "Hora de ver o que ele pode fazer!"
  },
  {
    "name": "high_player_tension",
    "icon": "cant_take_it2",
    "players": 41,
    "title": " atingiu tensão crítica.",
    "subtitle": "Todo morador do refúgio está começando a parecer uma opção de encontro."
  },
  {
    "name": "pp_dildo_busted",
    "icon": "police dildo",
    "players": 8,
    "title": " pegou a oficial no flagra.",
    "subtitle": "Ora, ora, ora... olhe quem está esticando os limites do código de pureza. Hipocrisia detectada!"
  },
  {
    "name": "diana_tension_maxed",
    "icon": "diana max tension",
    "players": 5,
    "title": " maximizou o desejo da Diana.",
    "subtitle": "Aviso: O corpo da Diana acaba de declarar independência. Boa sorte lá fora, soldado."
  },
  {
    "name": "100_days",
    "icon": "100 days",
    "players": 9,
    "title": " chegou ao dia 100!",
    "subtitle": "Parabéns! Você deve realmente amar ar reciclado."
  },
  {
    "name": "20_heads",
    "icon": "20 heads",
    "players": 21,
    "title": " trouxe as cabeças.",
    "subtitle": "Em algum lugar, a mãe de um Super Mutante está chorando."
  },
  {
    "name": "down_with_the_devil",
    "icon": "domina2",
    "players": 0,
    "title": "Abaixo o Diabo",
    "subtitle": "Concorde em derrubar a Mestra Domina.",
    "isAchievement": true
  },
  {
    "name": "tacttical_retreat",
    "icon": "retreat",
    "players": 0,
    "title": "Retirada Tática",
    "subtitle": "Retorne ao refúgio com pouca vida.",
    "isAchievement": true
  },
  {
    "name": "watching_diana_masturbating_in_her_room2",
    "icon": "peep3",
    "players": 82,
    "title": "De Olho no Prêmio",
    "subtitle": "Assista Diana se masturbando em seu quarto.",
    "isAchievement": true
  },
  {
    "name": "fap_3_times",
    "icon": "wanking vault boy2",
    "players": 0,
    "title": "Vazamento de Produtividade",
    "subtitle": "Bata punheta 3 vezes.",
    "isAchievement": true
  },
  {
    "name": "warlord_achievement",
    "icon": "warlord",
    "players": 0,
    "title": "Senhor da Guerra da Wasteland",
    "subtitle": "Mate 100 inimigos.",
    "isAchievement": true
  },
  {
    "name": "deplomacy_denied_achievement",
    "icon": "slayer",
    "players": 0,
    "title": "Diplomacia Negada",
    "subtitle": "Mate 50 inimigos.",
    "isAchievement": true
  },
  {
    "name": "purge_cleaning",
    "icon": "finished everyone off",
    "players": 0,
    "title": "Limpeza a Sangue Frio",
    "subtitle": "Acabe com os sobreviventes.",
    "isAchievement": true
  },
  {
    "name": "15_gifts",
    "icon": "15 gifts",
    "players": 0,
    "title": "Mensageiro da Alegria",
    "subtitle": "Presenteie com 15 itens.",
    "isAchievement": true
  },
  {
    "name": "pp_bukkake",
    "icon": "pp bukkake",
    "players": 0,
    "title": "Não Tão Pura Assim",
    "subtitle": "Faça a Polícia da Pureza se juntar à orgia.",
    "isAchievement": true
  },
  {
    "name": "deathclaw_love",
    "icon": "deathclaw_love",
    "players": 0,
    "title": "Vadias Grandes e Escamosas",
    "subtitle": "Faça uma orgia de garras da morte no refúgio.",
    "isAchievement": true
  },
  {
    "name": "1st_time",
    "icon": "1st_time",
    "players": 0,
    "title": "A Primeira Vez",
    "subtitle": "Faça sexo.",
    "isAchievement": true
  },
  {
    "name": "5th_time",
    "icon": "horny perv",
    "players": 0,
    "title": "Amante Certificado",
    "subtitle": "Faça sexo 5 vezes.",
    "isAchievement": true
  },
  {
    "name": "pussy_open_for_business",
    "icon": "pussy_open_for_business",
    "players": 0,
    "title": "Buceta Aberta para Negócios",
    "subtitle": "Faça Diana atingir 50 de desejo.",
    "isAchievement": true
  },
  {
    "name": "10_quests",
    "icon": "10_quests",
    "players": 0,
    "title": "Trabalhador do Mês da Vault-Tec",
    "subtitle": "Complete 10 missões.",
    "isAchievement": true
  },
  {
    "name": "high_life",
    "icon": "high_life",
    "players": 0,
    "title": "Bem-vindo à Elite",
    "subtitle": "Junte-se ao Enclave.",
    "isAchievement": true
  },
  {
    "name": "ghoul_escape",
    "icon": "ghoul escape",
    "players": 15,
    "title": " libertou os ghouls",
    "subtitle": "Acontece que décadas de trabalho não remunerado não criam lealdade. Quem diria?"
  },
  {
    "name": "wife_returned",
    "icon": "farmer wife return",
    "players": 13,
    "title": " trouxe a esposa de volta",
    "subtitle": "O fazendeiro murmurou 'Acho que vou só foder o brahmin então.'"
  },
  {
    "name": "farm_fuck",
    "icon": "farm fuck",
    "players": 13,
    "title": "Uma Arada de Respeito",
    "subtitle": "Foda a filha do fazendeiro.",
    "isAchievement": true
  }
]
