{
  "options": [
    {
      "optionText": "Isso foi... intenso.",
      "responseText": "Mmm, oh querido, isso foi só uma prévia. Se eu realmente me soltasse, o refúgio inteiro precisaria de pisos novos.",
      "followUpOptions": [
        {
          "optionText": "O reator do refúgio acabou de desligar, ou foi você?",
          "responseText": "Oh, amor, fui toda eu. Juro, se o Supervisor sentiu isso, ele vai pensar que uma porra de uma bomba nuclear explodiu."
        },
        {
          "optionText": "Por um segundo, achei que ia precisar de um bote salva-vidas.",
          "responseText": "Bote salva-vidas? Querido, você vai precisar de um submarino para sobreviver à inundação que acabei de causar ♥."
        }
      ]
    },
    {
      "optionText": "Não acredito que as paredes não tremeram.",
      "responseText": "Oh, docinho, elas tremeram. Você só não percebeu por causa do som da minha buceta quebrando a barreira do som.",
      "followUpOptions": [
        {
          "optionText": "Da próxima vez, talvez não mire no teto?",
          "responseText": "Oh, mas é aí que está a graça! ♥"
        }
      ]
    },
    {
      "optionText": "Tchau.",
      "responseText": "Já está indo embora? Tem certeza de que não é você quem precisa se acalmar, docinho?",
      "exitLine": true
    }
  ]
}
