{
  "options": [
    {
      "optionText": "Diana, isso foi... insano.",
      "responseText": "Mmm, pode dizer de novo. Não sabia que você tinha tanto acumulado, mas não estou reclamando.",
      "followUpOptions": [
        {
          "optionText": "Eu, uh, fiz uma bela bagunça.",
          "responseText": "*Uma bagunça?* Oh, docinho, isso é um eufemismo. Mas não se preocupe, estou acostumada a limpar. ♥"
        },
        {
          "optionText": "E os caras? Eles ficaram parados ali o tempo todo.",
          "responseText": "Ah, não se preocupe com eles. Vão ficar bem. Além disso, parece que eles *gostaram* do show.",
          "followUpOptions": [
            {
              "optionText": "Acho que eles não piscaram nenhuma vez.",
              "responseText": "Pode culpá-los? Quer dizer, este foi basicamente o melhor entretenimento ao vivo que o Refúgio 6969 já viu."
            },
            {
              "optionText": "E se eles nos denunciarem? Não quero a Polícia da Pureza batendo na minha porta mais tarde.",
              "responseText": "Relaxe. A única coisa que eles vão relatar é o quão rápido eles gozaram pra caralho depois de assistir a isso. Você ficará bem. ♥"
            },
            {
              "optionText": "Um pouco estranho com eles por perto, não acha?",
              "responseText": "Eu vivo para a atenção. Você acha que eles são os primeiros a assistir? <i>*Por favor.*</i> ♥"
            }
          ]
        }
      ]
    },
    {
      "optionText": "Tchau",
      "responseText": "Me deixando tão cedo? Bem, da próxima vez que estiver se sentindo... *cheio*, você sabe onde me encontrar. ♥",
      "exitLine": true
    }
  ]
}
