{
  "options": [
    {
      "optionText": "Se sentindo bem depois disso, gata?",
      "responseText": "Porra, minha buceta ainda está pulsando. Não acredito que você me encheu *de novo*. Você está determinado a me manter grávida para sempre, não está?",
      "followUpOptions": [
        {
          "optionText": "Você fica incrivelmente gostosa grávida. Não consigo me controlar.",
          "responseText": "Seu desgraçado, você sabe exatamente o que isso faz comigo. Meus hormônios já estão gritando pelo seu pau de novo."
        },
        {
          "optionText": "Acha que o bebê percebeu?",
          "responseText": "Se o bebê não percebeu, provavelmente está nadando na sua porra agora. Juro que você vai afogar o coitadinho com o tanto que está bombeando para dentro de mim."
        },
        {
          "optionText": "Pronta para outro round já?",
          "responseText": "Porra, me dá um minuto pelo menos. Minha buceta está dolorida o suficiente para brilhar no escuro. Mas, conhecendo você, você vai me fazer gemer de novo em pouco tempo."
        },
        {
          "optionText": "Você está realmente bem com o quão intenso isso está ficando?",
          "responseText": "Sinceramente? Sim. Ficar grávida de você pode ser a melhor coisa que já me aconteceu. Por mais fodido que pareça, eu amo sentir sua porra escorrendo de mim. Me faz sentir… sua posse."
        }
      ]
    },
    {
      "optionText": "Tchau.",
      "responseText": "Volta logo, tá? Minha buceta grávida pode ficar solitária sem o seu pau fazendo companhia.",
      "exitLine": true
    }
  ]
}
