{
  "options": [
    {
      "optionText": "Como é ter a sala inteira olhando para os seus peitos?",
      "responseText": "Não me importo com a atenção. Pelo menos esses idiotas estão olhando para algo que vale a pena pela primeira vez.",
      "followUpOptions": [
        {
          "optionText": "Você acha que algum deles está prestes a gozar?",
          "responseText": "Se gozarem, dou pontos pela velocidade. Olha aquele ali—ele está praticamente tremendo. Ou ele está tendo uma crise existencial ou está a cinco segundos de uma crise nas calças."
        }
      ]
    },
    {
      "optionText": "Tchau",
      "responseText": "Não seja careta, querido. Você vai perder toda a diversão",
      "exitLine": true
    }
  ]
}
