{
  "options": [
    {
      "optionText": "Você não estava brincando sobre ser a melhor do refúgio.",
      "responseText": "Por favor, eu poderia fazer o próprio Supervisor implorar. Você? Você acabou de receber o tratamento VIP — já se sente especial?",
      "followUpOptions": [
        {
          "optionText": "Especial? Você deveria começar a cobrar ingressos para isso.",
          "responseText": "Oh, querido, se eu cobrasse por isso, este refúgio iria à falência. Acho que você teve sorte de eu estar me sentindo generosa esta noite."
        },
        {
          "optionText": "Então... segundo round?",
          "responseText": "Ahh, alguém está se sentindo corajoso. Mas você pode precisar de algumas horas... ou dias... para se recuperar primeiro. Minha buceta não é para os fracos de coração."
        }
      ]
    },
    {
      "optionText": "Isso vai ser só desta vez?",
      "responseText": "Depende. Você aguenta mais disso? Ou eu acabei de te estragar para o resto do refúgio? Não se iluda, eu tenho opções ♥.",
      "followUpOptions": [
        {
          "optionText": "Eu... vou precisar de muito descanso primeiro.",
          "responseText": "Hah! Sabia. Não se preocupe, docinho, leve o tempo que precisar para se recuperar."
        }
      ]
    },
    {
      "optionText": "Tchau.",
      "responseTexts": [
        "Tchau. Não se preocupe, não vou te cobrar pelas imagens mentais."
      ],
      "exitLine": true
    }
  ]
}
