{
  "options": [
    {
      "optionText": "Você vai ficar bem depois disso? Parece que correu uma maratona.",
      "responseText": "Mmm, querido, sinto como se tivesse corrido uma... de salto... ladeira acima. Mas não se preocupe, ainda tenho muita lenha pra queimar ♥.",
      "followUpOptions": [
        {
          "optionText": "Muita lenha? Tem certeza que não vai desmaiar?",
          "responseText": "Desmaiar? Por favor. Este corpo tem mais fôlego que um gerador da Vault-Tec. É você quem vai precisar de uma soneca."
        }
      ]
    },
    {
      "optionText": "Tchau.",
      "responseText": "Já vai? Você nem ficou tempo suficiente para me dar um cigarro, querido ♥. Mas com certeza vou te manter nos meus pensamentos...",
      "exitLine": true
    }
  ]
}
