[
  {
    "original_text": "Feel Atom’s glory! Your flesh will blister, heretic!",
    "translated_text": "Sinta a glória do Átomo! Sua carne vai empolar, herege!"
  },
  {
    "original_text": "Your screams will be hymns of praise to Atom's glow!",
    "translated_text": "Seus gritos serão hinos de louvor ao brilho do Átomo!"
  },
  {
    "original_text": "You are unworthy—prepare to meet the glow!",
    "translated_text": "Você é indigno — prepare-se para encontrar o brilho!"
  },
  {
    "original_text": "Come, sinner! Let radiation cleanse your filth!",
    "translated_text": "Venha, pecador! Deixe a radiação limpar sua imundície!"
  },
  {
    "original_text": "Submit to Atom! Your suffering will please the holy glow!",
    "translated_text": "Submeta-se ao Átomo! Seu sofrimento agradará o brilho sagrado!"
  },
  {
    "original_text": "Burn bright in the name of Atom, unclean wretch!",
    "translated_text": "Queime intensamente em nome do Átomo, desgraçado impuro!"
  },
  {
    "original_text": "You will bathe in holy fire, heretic! Die screaming!",
    "translated_text": "Você se banhará no fogo sagrado, herege! Morra gritando!"
  },
  {
    "original_text": "Atom demands sacrifice—and today, it’s you!",
    "translated_text": "O Átomo exige sacrifício — e hoje, é você!"
  },
  {
    "original_text": "The ruins know your name. So do I.",
    "translated_text": "As ruínas sabem seu nome. E eu também."
  },
  {
    "original_text": "The voices told me you'd be here.",
    "translated_text": "As vozes me disseram que você estaria aqui."
  },
  {
    "original_text": "Wrong place, wrong time, asshole!",
    "translated_text": "Lugar errado, hora errada, babaca!"
  },
  {
    "original_text": "Shoot first, loot later—let's go!",
    "translated_text": "Atire primeiro, saqueie depois — vamos lá!"
  },
  {
    "original_text": "Let's gut this fucker and move on!",
    "translated_text": "Vamos estripar esse filho da puta e seguir em frente!"
  },
  {
    "original_text": "Your gear’s ours now, motherfucker!",
    "translated_text": "Seu equipamento é nosso agora, filho da puta!"
  },
  {
    "original_text": "Shoot straight, bleed fast, bastard!",
    "translated_text": "Atire reto, sangre rápido, bastardo!"
  },
  {
    "original_text": "Hope you're ready, fucktoy, gonna ride your corpse tonight!",
    "translated_text": "Espero que esteja pronto, brinquedinho, vou cavalgar seu cadáver esta noite!"
  },
  {
    "original_text": "Come closer, sugar—I wanna hear you beg when I gut you!",
    "translated_text": "Chegue mais perto, docinho — quero ouvir você implorar enquanto eu te estripo!"
  },
  {
    "original_text": "I'm gonna paint my tits red with your blood, bitch!",
    "translated_text": "Vou pintar meus peitos de vermelho com seu sangue, vadia!"
  },
  {
    "original_text": "Another plaything! I'll rip your cock off and wear it as jewelry!",
    "translated_text": "Outro brinquedinho! Vou arrancar seu pau e usá-lo como joia!"
  },
  {
    "original_text": "Scream louder! Gets me wet when my prey squeals!",
    "translated_text": "Grite mais alto! Fico molhada quando minha presa guincha!"
  },
  {
    "original_text": "Come die for mama, slut, promise I'll be gentle…ish!",
    "translated_text": "Venha morrer para a mamãe, vadia, prometo que serei gentil... mais ou menos!"
  },
  {
    "original_text": "How many holes you got? Bet I can make more!",
    "translated_text": "Quantos buracos você tem? Aposto que consigo fazer mais!"
  },
  {
    "original_text": "Oh look, a fresh canvas! Let’s make art!",
    "translated_text": "Olha só, uma tela fresca! Vamos fazer arte!"
  },
  {
    "original_text": "Ready for a good fuck and some screams, slut?",
    "translated_text": "Pronta para uma boa foda e alguns gritos, vadia?"
  },
  {
    "original_text": "Blood and cum—best fucking lube there is!",
    "translated_text": "Sangue e porra — o melhor lubrificante que existe!"
  },
  {
    "original_text": "Bend over, whore—pain's gonna feel good compared to death!",
    "translated_text": "Vire-se, puta — a dor vai parecer boa em comparação com a morte!"
  },
  {
    "original_text": "Bleed louder, bitch! Gets us hard when you suffer!",
    "translated_text": "Sangre mais alto, vadia! Ficamos duros quando você sofre!"
  },
  {
    "original_text": "Come here, pretty! Let my blade fuck you raw!",
    "translated_text": "Venha cá, gracinha! Deixe minha lâmina te foder sem dó!"
  },
  {
    "original_text": "A cock, a blade, and your ass—let’s have some fun!",
    "translated_text": "Um pau, uma lâmina e sua bunda — vamos nos divertir!"
  },
  {
    "original_text": "Resistance is useless, but amusing.",
    "translated_text": "A resistência é inútil, mas divertida."
  },
  {
    "original_text": "Systems nominal; ready to execute human.",
    "translated_text": "Sistemas nominais; pronto para executar humano."
  },
  {
    "original_text": "Inflicting maximum agony in three… two… one.",
    "translated_text": "Infligindo agonia máxima em três... dois... um."
  },
  {
    "original_text": "Combat sequence initiated; fear response detected.",
    "translated_text": "Sequência de combate iniciada; resposta de medo detectada."
  },
  {
    "original_text": "Abomination detected—purge commencing!",
    "translated_text": "Abominação detectada — purga começando!"
  },
  {
    "original_text": "Ad Victoriam! Die screaming, wasteland filth!",
    "translated_text": "Ad Victoriam! Morra gritando, imundície da wasteland!"
  },
  {
    "original_text": "Ohhhh, look what the radstorm dragged in. Step into the Shaft Zone, baby!",
    "translated_text": "Ohhhh, veja o que a tempestade de radiação trouxe. Entre na Zona do Pau, querido!"
  },
  {
    "original_text": "<i>*Wet, raspy snarl*</i>",
    "translated_text": "<i>*Rosnado úmido e rouco*</i>"
  },
  {
    "original_text": "<i>*Distorted, irradiated wail*</i>",
    "translated_text": "<i>*Lamento distorcido e irradiado*</i>"
  },
  {
    "original_text": "It's raining guts today, bitches!",
    "translated_text": "Hoje vai chover tripas, vadias!"
  },
  {
    "original_text": "KABOOM, fucker! Hope you like it hot!",
    "translated_text": "KABOOM, filho da puta! Espero que goste quente!"
  },
  {
    "original_text": "I'M GONNA POP—AND YOU'RE COMING WITH ME!",
    "translated_text": "EU VOU EXPLODIR — E VOCÊ VEM COMIGO!"
  },
  {
    "original_text": "Fetch, boy! Bring daddy back a bloody limb!",
    "translated_text": "Pega, garoto! Traga um membro ensanguentado para o papai!"
  },
  {
    "original_text": "I'll skin you alive, feed scraps to my hound.",
    "translated_text": "Vou te esfolar vivo, dar os restos para o meu cão."
  },
  {
    "original_text": "Stay still—don't wanna spoil the meat, fucker!",
    "translated_text": "Fique quieto — não quero estragar a carne, filho da puta!"
  },
  {
    "original_text": "Guttural roaring RAAAAAAGHHHHHH!",
    "translated_text": "Rugido gutural RAAAAAAGHHHHHH!"
  },
  {
    "original_text": "CRUSH! SNAP! BLEED!",
    "translated_text": "ESMAGAR! QUEBRAR! SANGRAR!"
  },
  {
    "original_text": "ME… BREAK… YOU!",
    "translated_text": "EU... QUEBRAR... VOCÊ!"
  },
  {
    "original_text": "<i>*Heavy, wet snarling*</i> PAIN… GOOD!",
    "translated_text": "<i>*Rosnado pesado e úmido*</i> DOR... BOA!"
  },
  {
    "original_text": "<i>*Grunting*</i> RIP! SMASH! EAT!",
    "translated_text": "<i>*Grunhindo*</i> RASGAR! ESMAGAR! COMER!"
  },
  {
    "original_text": "SPINE… TEAR… OUT!",
    "translated_text": "ESPINHA... ARRANCAR... FORA!"
  },
  {
    "original_text": "Girls, watch closely—time to break another worthless fuck!",
    "translated_text": "Meninas, observem bem — hora de quebrar outro fodido inútil!"
  },
  {
    "original_text": "Show daddy how much blood you got in you, boy!",
    "translated_text": "Mostre ao papai quanto sangue você tem, garoto!"
  },
  {
    "original_text": "My pets love watching men beg—don’t disappoint them.",
    "translated_text": "Meus bichinhos adoram ver homens implorando — não os decepcione."
  },
  {
    "original_text": "Break nicely, and I'll let my girls reward you!",
    "translated_text": "Quebre direitinho, e eu deixarei minhas meninas te recompensarem!"
  },
  {
    "original_text": "You think you're tough? I'll let my girls ride your corpse!",
    "translated_text": "Você se acha durão? Vou deixar minhas meninas cavalgarem seu cadáver!"
  },
  {
    "original_text": "Crawl, bitch—my girls like seeing weakness!",
    "translated_text": "Rasteje, vadia — minhas meninas gostam de ver fraqueza!"
  },
  {
    "original_text": "Blood and tears make my girls wet—start bleeding, asshole!",
    "translated_text": "Sangue e lágrimas deixam minhas meninas molhadas — comece a sangrar, babaca!"
  },
  {
    "original_text": "COME HERE! MUTANT NEED MATE! MUTANT STRONG! MAKE GOOD BABIES!",
    "translated_text": "VENHA AQUI! MUTANTE PRECISA DE PARCEIRA! MUTANTE FORTE! FAZER BEBÊS BONS!"
  },
  {
    "original_text": "YOU CHOSEN—LUCKY HUMAN! HA HA HA! HOLD STILL! MUTANT SHOW LOVE!",
    "translated_text": "VOCÊ ESCOLHIDA — HUMANA SORTUDA! HA HA HA! FIQUE QUIETA! MUTANTE MOSTRAR AMOR!"
  },
  {
    "original_text": "MUTANT READY! TIME FOR BREED!",
    "translated_text": "MUTANTE PRONTO! HORA DE PROCRIAR!"
  },
  {
    "original_text": "FRESH MEAT! TIME TO RIP AND EAT!",
    "translated_text": "CARNE FRESCA! HORA DE RASGAR E COMER!"
  },
  {
    "original_text": "PUNY HUMAN! I'LL TEAR YOU APART! THIS GONNA HURT BAD—GOOD!",
    "translated_text": "HUMANO INSIGNIFICANTE! VOU TE DESPEDAÇAR! ISSO VAI DOER MUITO — BOM!"
  },
  {
    "original_text": "I SMELL FEAR! DELICIOUS! EAT YOUR HEART WHILE STILL BEATING!",
    "translated_text": "EU SINTO CHEIRO DE MEDO! DELICIOSO! COMER SEU CORAÇÃO AINDA BATENDO!"
  },
  {
    "original_text": "Oh honey, mama's hungry, and you look tasty!",
    "translated_text": "Oh querido, a mamãe está com fome, e você parece delicioso!"
  },
  {
    "original_text": "Time to scream for mama Tina, baby doll!",
    "translated_text": "Hora de gritar para a mamãe Tina, boneca!"
  },
  {
    "original_text": "Your bones will snap under me, sugar—and I'll love every crunch!",
    "translated_text": "Seus ossos vão quebrar debaixo de mim, docinho — e eu vou amar cada estalo!"
  }
]
