{
  "options": [
    {
      "optionText": "Então... Câmara da Vergonha, hein? Não pensei que te pegariam com as calças arriadas.",
      "responseText": "É, obrigado por isso, seu dedinho-duro. Pensei que tínhamos um acordo, mas acho que você não conseguiu manter a boca fechada.",
      "followUpOptions": [
        {
          "optionText": "Você está bravo? Parece um pouco... tenso.",
          "responseText": "Ah, não estou bravo. Só pensando no quanto vou *adorar* aumentar os preços para o seu traseiro burro quando eu sair. Não se preocupe, vou ter certeza de te 'agradecer' muito bem por isso."
        },
        {
          "optionText": "Valeu a pena?",
          "responseText": "Ah, com certeza. Aquele cuzinho era mais apertado que a segurança do Supervisor, te digo."
        }
      ]
    },
    {
      "optionText": "Tem algo para vender enquanto está aqui?",
      "responseText": "O quê, você acha que estou comandando um bazar da Câmara da Vergonha? Você me denuncia, e agora quer negociar? Não posso te vender merda nenhuma atrás dessas grades.",
      "followUpOptions": [
        {
          "optionText": "Vamos lá. Você deve ter *algo* escondido aqui.",
          "responseText": "Ah, eu tenho muita coisa escondida... Mas para você? Tudo que tenho é um grande foda-se até eu sair."
        },
        {
          "optionText": "Acho que volto mais tarde. Me avise quando sair.",
          "responseText": "Ah, não se preocupe, eu avisarei. Mas quando eu o fizer, sua lista de preços vai parecer bem fodida. Você foi avisado."
        }
      ]
    },
    {
      "optionText": "Tchau",
      "responseText": "É, vá andando. Só lembre-se, da próxima vez que precisar de algo, seu 'imposto especial de dedo-duro' estará em pleno vigor.",
      "exitLine": true
    }
  ]
}
