{
  "options": [
    {
      "optionText": "O que seu pai diria se te visse assim... *desse jeito*?",
      "specialEffects": ["removeBlur", "removeVignette"],
      "responseText": "Oh merda! Há quanto tempo você está aí parado?! Você não deveria ter visto isso! Mmm... foda-se. Você me pegou. Papai surtaria se soubesse o que eu ando fazendo. ♥︎"
    },
    {
      "optionText": "[Denunciar o Bicho-Papão para a Polícia da Pureza]",
      "responseTexts": [
        "Você realmente acha que dedurar vai fazer seu pau crescer? Vai em frente, tenta a sorte. Eu tenho podres sobre eles que vão te deixar de cabelo em pé!"
      ],
      "exitLine": true,
      "fadeOutCharacter": true,
      "specialEffects": ["removeBlur", "removeVignette"],
      "reported": 5
    }
  ]
}
