[
  {
    "original_name": "Premature Execution",
    "original_description": "Your first attack each combat deals 8 additional damage.",
    "original_rarity": "Common",
    "translated_name": "Execução Prematura",
    "translated_description": "Seu primeiro ataque em cada combate causa 8 de dano adicional.",
    "translated_rarity": "Comum"
  },
  {
    "original_name": "Vault Shimmy",
    "original_description": "Start each combat with 25 Dodge.",
    "original_rarity": "Common",
    "translated_name": "Rebolado do Refúgio",
    "translated_description": "Comece cada combate com 25 de Esquiva.",
    "translated_rarity": "Comum"
  },
  {
    "original_name": "Save It for Daddy",
    "original_description": "If you do not play any Attacks during your turn, gain an extra AP next turn.",
    "original_rarity": "Common",
    "translated_name": "Guarde para o Papai",
    "translated_description": "Se você não jogar nenhum Ataque durante seu turno, ganhe um PA extra no próximo turno.",
    "translated_rarity": "Comum"
  },
  {
    "original_name": "Deep Penetration",
    "original_description": "At the start of each combat, apply Mark to ALL enemies.",
    "original_rarity": "Common",
    "translated_name": "Penetração Profunda",
    "translated_description": "No início de cada combate, aplique Marca em TODOS os inimigos.",
    "translated_rarity": "Comum"
  },
  {
    "original_name": "Mommy Love",
    "original_description": "At the start of each combat, heal 12 HP.",
    "original_rarity": "Common",
    "translated_name": "Amor de Mãe",
    "translated_description": "No início de cada combate, cure 12 de PV.",
    "translated_rarity": "Comum"
  },
  {
    "original_name": "Turn Me On",
    "original_description": "Every 3 turns, gain 1 AP.",
    "original_rarity": "Common",
    "translated_name": "Me Excita",
    "translated_description": "A cada 3 turnos, ganhe 1 PA.",
    "translated_rarity": "Comum"
  },
  {
    "original_name": "No Time to Lube",
    "original_description": "Gain 1 AP on the first turn of each combat.",
    "original_rarity": "Common",
    "translated_name": "Sem Tempo para Lubrificar",
    "translated_description": "Ganhe 1 PA no primeiro turno de cada combate.",
    "translated_rarity": "Comum"
  },
  {
    "original_name": "Fade Out",
    "original_description": "If you end your turn without Dodge, gain 15 Dodge.",
    "original_rarity": "Common",
    "translated_name": "Desvanecer",
    "translated_description": "Se você terminar seu turno sem Esquiva, ganhe 15 de Esquiva.",
    "translated_rarity": "Comum"
  },
  {
    "original_name": "Critical Edging",
    "original_description": "Every 10th Attack you play deals double damage.",
    "original_rarity": "Common",
    "translated_name": "Gozada Crítica na Borda",
    "translated_description": "A cada 10º Ataque que você joga, causa o dobro de dano.",
    "translated_rarity": "Comum"
  },
  {
    "original_name": "Sleep It Off",
    "original_description": "Heal additional 38 HP when you camp.",
    "original_rarity": "Common",
    "translated_name": "Durma para Curar",
    "translated_description": "Cure 38 de PV adicionais quando acampar.",
    "translated_rarity": "Comum"
  },
  {
    "original_name": "Certified Chunky",
    "original_description": "Upon pickup, raise your Max HP by 17.",
    "original_rarity": "Common",
    "translated_name": "Gordinho Certificado",
    "translated_description": "Ao pegar, aumente seu PV Máximo em 17.",
    "translated_rarity": "Comum"
  },
  {
    "original_name": "Bloodstarter",
    "original_description": "At the start of each combat, gain 2 Psycho.",
    "original_rarity": "Common",
    "translated_name": "Iniciador de Sangue",
    "translated_description": "No início de cada combate, ganhe 2 de Psycho.",
    "translated_rarity": "Comum"
  },
  {
    "original_name": "Comfy Collector",
    "original_description": "For every 5 cards in your deck, heal 7 HP whenever you camp.",
    "original_rarity": "Uncommon",
    "translated_name": "Colecionador Confortável",
    "translated_description": "Para cada 5 cartas em seu baralho, cure 7 de PV sempre que acampar.",
    "translated_rarity": "Incomum"
  },
  {
    "original_name": "Hot Reload",
    "original_description": "Whenever an enemy dies, gain 1 AP and draw 1 card.",
    "original_rarity": "Uncommon",
    "translated_name": "Recarga Quente",
    "translated_description": "Sempre que um inimigo morre, ganhe 1 PA e compre 1 carta.",
    "translated_rarity": "Incomum"
  },
  {
    "original_name": "Quickshot",
    "original_description": "Every time you play 3 non-attacks in a single turn, deal 12 damage to ALL enemies.",
    "original_rarity": "Uncommon",
    "translated_name": "Tiro Rápido",
    "translated_description": "Toda vez que você joga 3 não-ataques em um único turno, causa 12 de dano a TODOS os inimigos.",
    "translated_rarity": "Incomum"
  },
  {
    "original_name": "Comeback Kid",
    "original_description": "If your HP is at or below 50% at the end of combat, heal 30 HP.",
    "original_rarity": "Uncommon",
    "translated_name": "Garoto da Virada",
    "translated_description": "Se seu PV estiver em 50% ou menos no final do combate, cure 30 de PV.",
    "translated_rarity": "Incomum"
  },
  {
    "original_name": "Rude Awakening",
    "original_description": "At the start of your turn, deal 7 damage to ALL enemies.",
    "original_rarity": "Uncommon",
    "translated_name": "Despertar Rude",
    "translated_description": "No início do seu turno, cause 7 de dano a TODOS os inimigos.",
    "translated_rarity": "Incomum"
  },
  {
    "original_name": "Dodge Daddy",
    "original_description": "Every time you play 3 Attacks in a single turn, gain 10 Dodge.",
    "original_rarity": "Uncommon",
    "translated_name": "Papai da Esquiva",
    "translated_description": "Toda vez que você joga 3 Ataques em um único turno, ganhe 10 de Esquiva.",
    "translated_rarity": "Incomum"
  },
  {
    "original_name": "Pain Piglet",
    "original_description": "Upon pickup, raise your Max HP by 25.",
    "original_rarity": "Uncommon",
    "translated_name": "Porquinho da Dor",
    "translated_description": "Ao pegar, aumente seu PV Máximo em 25.",
    "translated_rarity": "Incomum"
  },
  {
    "original_name": "Rapid Thrust Protocol",
    "original_description": "Every time you play 3 Attacks in a single turn, gain 2 Psycho.",
    "original_rarity": "Uncommon",
    "translated_name": "Protocolo de Estocada Rápida",
    "translated_description": "Toda vez que você joga 3 Ataques em um único turno, ganhe 2 de Psycho.",
    "translated_rarity": "Incomum"
  },
  {
    "original_name": "Big Iron on His Hip",
    "original_description": "Big Iron cards deal 7 additional damage.",
    "original_rarity": "Uncommon",
    "translated_name": "Grande Ferro na Cintura",
    "translated_description": "Cartas de Grande Ferro causam 7 de dano adicional.",
    "translated_rarity": "Incomum"
  },
  {
    "original_name": "Late Reflex",
    "original_description": "At the start of your 3rd turn, gain 45 Dodge.",
    "original_rarity": "Rare",
    "translated_name": "Reflexo Atrasado",
    "translated_description": "No início do seu 3º turno, ganhe 45 de Esquiva.",
    "translated_rarity": "Raro"
  },
  {
    "original_name": "Safety First",
    "original_description": "Prevent the first time you would lose HP in combat.",
    "original_rarity": "Rare",
    "translated_name": "Segurança em Primeiro Lugar",
    "translated_description": "Previne a primeira vez que você perderia PV em combate.",
    "translated_rarity": "Raro"
  },
  {
    "original_name": "Pre-War Testosterone",
    "original_description": "Enemies can't lower your damage.",
    "original_rarity": "Rare",
    "translated_name": "Testosterona Pré-Guerra",
    "translated_description": "Inimigos não podem diminuir seu dano.",
    "translated_rarity": "Raro"
  },
  {
    "original_name": "Vault-Tec Recall",
    "original_description": "When you would die, heal to 50% of your Max HP instead (works once).",
    "original_rarity": "Rare",
    "translated_name": "Recall da Vault-Tec",
    "translated_description": "Quando você morreria, cure para 50% do seu PV Máximo (funciona uma vez).",
    "translated_rarity": "Raro"
  },
  {
    "original_name": "Bulky Boy",
    "original_description": "Upon pickup, raise your Max HP by 35.",
    "original_rarity": "Rare",
    "translated_name": "Garoto Volumoso",
    "translated_description": "Ao pegar, aumente seu PV Máximo em 35.",
    "translated_rarity": "Raro"
  },
  {
    "original_name": "Explosive Finish",
    "original_description": "At the end of turn 7, deal 130 damage to ALL enemies.",
    "original_rarity": "Rare",
    "translated_name": "Final Explosivo",
    "translated_description": "No final do turno 7, cause 130 de dano a TODOS os inimigos.",
    "translated_rarity": "Raro"
  },
  {
    "original_name": "Thick Skin",
    "original_description": "Whenever you would lose HP, lose 2 less.",
    "original_rarity": "Rare",
    "translated_name": "Pele Grossa",
    "translated_description": "Sempre que você perderia PV, perca 2 a menos.",
    "translated_rarity": "Raro"
  }
]
