{
  "options": [
    {
      "optionText": "Bem, isso acabou de acontecer. Como você está se sentindo, Buster?",
      "emotion": "Characters/Buster/emotions/buster shock",
      "markObjectiveComplete": "Speak with Buster",
      "responseText": "VOCÊ... VOCÊ REALMENTE... MANO, QUE PORRA É ESSA?! BEM NA MINHA FRENTE?! <i>*NA MINHA FRENTE?!*</i>",
      "followUpOptions": [
        {
          "optionText": "É, acho que você não era um protetor tão bom assim, afinal.",
          "emotion": "Characters/Buster/emotions/buster shock",
          "responseText": "VOCÊ ACHA QUE ISSO É UMA PIADA?! EU SOU A MURALHA QUE MANTÉM A SUJEIRA FORA! E VOCÊ... VOCÊ... VOCÊ É UM HOMEM MORTO! VOU TE PARTIR AO MEIO!",
          "followUpOptions": [
            {
              "optionText": "Relaxe, Buster. Você disse que era *zen*, certo?",
              "playSound": "punch",
              "progressionEventPlayed": "buster_punch",
              "specialEffects": ["Blackout", "Blur"],
              "advanceDayWithStatusMessage": "Você acorda no seu quarto do refúgio, com a cabeça latejando como se tivesse sido atingido por um radscorpion. O tapa do Buster te nocauteou."
            }
          ]
        }
      ]
    }
  ]
}
