{
  "options": [
    {
      "optionText": "Então... eles se foram?",
      "responseText": "Sim. Você transformou o refúgio de 'Central dos Eunucos' de volta para 'Central Ligeiramente Menos Fodida'. Parabéns.",
      "followUpOptions": [
        {
          "optionText": "Eu mereço uma estátua por isso. Onde está meu desfile?",
          "responseText": "Ah, claro, deixa eu só ligar para a Vault-Tec e pedir para eles gravarem seu nome na placa de 'Salvador de Bolas do Ano'. Talvez possamos usar os corpos dos Chupa-Sacos mortos para construí-la—bem poético."
        },
        {
          "optionText": "Então... eu ganho uma recompensa? Uma medalha? Talvez uma massagem nas costas?",
          "responseText": "Recompensa? Querido, sua recompensa é acordar amanhã com todas as suas partes ainda onde pertencem. Mas se você está realmente desesperado por uma massagem nas costas, tenho certeza de que um dos sobreviventes te deve uma grande."
        },
        {
          "optionText": "Quer comemorar? Minha cama, agora.",
          "responseText": "Bela tentativa, Casanova. Mas não vou pular na cama com o controle de pragas só porque você finalmente fez seu trabalho. Talvez da próxima vez nos salve de algo que não envolva insetos e genitais, e eu considerarei."
        },
        {
          "optionText": "Ok, mas falando sério, por que diabos essas coisas existem? Quem curte isso?!",
          "responseText": "Ah, você quer saber quem curte isso? Provavelmente algum doente da Vault-Tec que não vê uma buceta de verdade desde antes da guerra."
        }
      ]
    }
  ],
  "auto_lines": [
    "Ora, ora, se não é o novo herói salva-bolas do Refúgio 6969! Não pensei que você fosse capaz, mas estou impressionada."
  ]
}
