{
  "options": [
    {
      "optionText": "Bela vista. Esse é o novo padrão de uniforme do refúgio?",
      "responseText": "Oh, docinho, se este fosse o novo padrão, estaríamos todos em apuros—ou nos divertindo muito mais. Pena que você está só olhando a vitrine.",
      "followUpOptions": [
        {
          "optionText": "Olhando, hein? Qual é o preço?",
          "responseText": "Um pouco mais do que você pode pagar. Mas ei, continue sonhando."
        },
        {
          "optionText": "Tem certeza que não está só se exibindo de propósito?",
          "responseText": "Me pegou. Eu vivo para este momento, te transformando em uma bagunça babona. Considere um caso de caridade."
        },
        {
          "optionText": "Talvez você seja a única que está comprando... por atenção.",
          "responseText": "Se eu estivesse, você estaria fora de estoque. Mas eu gosto de um homem com um pouco de garra. Continue tentando."
        }
      ]
    }
  ]
}
