{
  "options": [
    {
      "optionText": "Bela calcinha... mas acho que ficaria melhor no chão.",
      "responseText": "Esperto. Mas se eu jogasse isso no chão, você provavelmente gozaria antes mesmo de tocar o solo.",
      "followUpOptions": [
        {
          "optionText": "Devo ficar envergonhado, ou...?",
          "responseText": "Envergonhado? Por favor, você parece uma criança pega escondendo as revistas sujas do pai. Aposto que seu pau está mais duro que a porta do refúgio agora. ♥︎"
        },
        {
          "optionText": "Uh... posso tocar?",
          "responseText": "Tocar? Docinho, com essa cara, me surpreende que você já não esteja terminando no corredor. Mas claro, tente—se não desmaiar primeiro. ♥︎"
        },
        {
          "optionText": "Acho melhor eu ir... a menos que queira que eu fique?",
          "responseText": "Ficar? Fofo. Mas a julgar pelo jeito que você está encarando minha buceta, eu diria que você pode precisar de um banho frio. Ou você só quer gozar aqui mesmo? ♥︎"
        }
      ]
    }
  ]
}
