{
  "options": [
    {
      "optionText": "Seu macacão do refúgio está um pouco aberto... intencional?",
      "responseText": "Chamei sua atenção, não foi? Bom. Considere meu presente para este refúgio—mantendo as coisas interessantes e lembrando a todos o que eles não podem ter.",
      "followUpOptions": [
        {
          "optionText": "Você está tentando irritar a Polícia da Pureza?",
          "responseText": "Oh, com certeza. Ver aqueles aspirantes a guardiões perderem a calma por um pouco de pele é meu passatempo favorito. Eles ficam tão atrapalhados, é como ver robôs tentando aprender a dançar."
        }
      ]
    }
  ]
}
