[
  {
    "original_name": "Bonk Baton",
    "original_description": "",
    "translated_name": "Cassetete Bonk",
    "translated_description": ""
  },
  {
    "original_name": "Motivational Posters",
    "original_description": "Pin-ups replaced by spreadsheets. Morale tanks, output climbs.",
    "translated_name": "Cartazes Motivacionais",
    "translated_description": "Pôsteres de pin-ups substituídos por planilhas. A moral despenca, a produção sobe."
  },
  {
    "original_name": "Stress-Balls",
    "original_description": "A dispenser filled with extra-firm rubber balls that help occupy fidgety hands.",
    "translated_name": "Bolas de Estresse",
    "translated_description": "Um dispensador cheio de bolas de borracha extra firmes que ajudam a ocupar mãos inquietas."
  },
  {
    "original_name": "Cold-Shower Stall",
    "original_description": "A repurposed decontamination booth <br>that blasts 3 °C water every hour.",
    "translated_name": "Chuveiro Frio",
    "translated_description": "Uma cabine de descontaminação reaproveitada <br>que jorra água a 3 °C a cada hora."
  },
  {
    "original_name": "Blue-Light LED Tubes",
    "original_description": "Suppresses melatonin, increases grind <br>time.",
    "translated_name": "Tubos de LED de Luz Azul",
    "translated_description": "Suprime a melatonina, aumenta o tempo <br>de trabalho."
  },
  {
    "original_name": "BonkBot Mk. I",
    "original_description": "Basic hall-monitor bot. Snitches to <br>Overseer on any suspicious activity.",
    "translated_name": "BonkBot Mk. I",
    "translated_description": "Robô monitor de corredor básico. Dedura para o <br>Supervisor qualquer atividade suspeita."
  },
  {
    "original_name": "Camera",
    "original_description": "",
    "translated_name": "Câmera",
    "translated_description": ""
  },
  {
    "original_name": "Dildo Machine",
    "original_description": "A hydraulic-powered fuckbench fitted with thrusting dildos to milk <br>holes relentlessly until purity is thoroughly purged.",
    "translated_name": "Máquina de Dildos",
    "translated_description": "Uma bancada de foda movida a hidráulica, equipada com dildos que empurram para ordenhar <br>buracos incansavelmente até que a pureza seja completamente purgada."
  },
  {
    "original_name": "Slime Pool",
    "original_description": "A pool of genetically engineered breeding slime, its slippery tendrils <br>probing and teasing every inch of flesh it engulfs.",
    "translated_name": "Piscina de Gosma",
    "translated_description": "Uma piscina de gosma reprodutiva geneticamente modificada, seus tentáculos escorregadios <br>sondando e provocando cada centímetro de carne que engole."
  },
  {
    "original_name": "Glory Hole Booth",
    "original_description": "A private stall with multiple holes <br>at cock-height, perfect for anonymous <br>vault relief or training eager sluts.",
    "translated_name": "Cabine de Glory Hole",
    "translated_description": "Uma cabine privada com múltiplos buracos <br>na altura do pau, perfeita para alívio anônimo <br>no refúgio ou treinar vadias ansiosas."
  },
  {
    "original_name": "Tentacle Garden",
    "original_description": "A bioengineered greenhouse where writhing<br> tentacles eagerly restrain, tease, and <br>violate trespassers.",
    "translated_name": "Jardim de Tentáculos",
    "translated_description": "Uma estufa bioengenheirada onde tentáculos <br>retorcidos ansiosamente restringem, provocam e <br>violam invasores."
  },
  {
    "original_name": "Orgy Pit",
    "original_description": "A sunken chamber lined with padded floors,<br> designed to host chaotic group breeding <br>sessions.",
    "translated_name": "Fosso de Orgia",
    "translated_description": "Uma câmara rebaixada com pisos acolchoados,<br> projetada para sediar sessões caóticas de <br>reprodução em grupo."
  }
]
