{
  "options": [
    {
      "optionText": "[Dar atum]",
      "itemRequired": "Tuna",
      "icon": "GUI/quest mark",
      "giveItemToCharacter": "Tuna",
      "onlyDisplayIfHasObjective": "Get tuna for Sir Whiskers.",
      "markObjectiveComplete": "Get tuna for Sir Whiskers.",
      "responseText": "*Ronrona profundamente* (Tradução: Finalmente, um humano que entende seu papel. Isso me agrada.)",
      "followUpOptions": [
        {
          "optionText": "De nada, Vossa Majestade.",
          "responseText": "*Pia* (Tradução: Não abuse, camponês. Apenas continue trazendo o atum, e não teremos problemas.)"
        },
        {
          "optionText": "Isso é tudo que você vai ganhar. Não espere mais.",
          "responseText": "*Abana o rabo* (Tradução: Uma declaração ousada. Farei questão de te lembrar disso quando encontrar seus sapatos misteriosamente rasgados.)"
        }
      ]
    },
    {
      "optionText": "O que você está fazendo na minha cama?",
      "icon": "GUI/quest mark",
      "responseText": "*Miau* (Tradução: Ousado de sua parte assumir que esta não é a MINHA cama, camponês. Saiba o seu lugar.)",
      "followUpOptions": [
        {
          "optionText": "Sua cama? Você é louco. Esta é a MINHA cama!",
          "responseText": "*Sibila* (Tradução: SUA cama? Você paga aluguel aqui? Não? Então cale sua boca sem pelos antes que eu a arranhe.)"
        },
        {
          "optionText": "Saia do meu travesseiro, bola de pelos!",
          "responseText": "*Miau* (Tradução: Me obrigue. Me toque, e eu ativarei minhas garras.)"
        },
        {
          "optionText": "O que você quer de mim, seu monstrinho?",
          "icon": "GUI/quest mark",
          "dontDisplayIfObjectiveComplete": "Get tuna for Sir Whiskers.",
          "responseText": "*Miau* (Tradução: Tributo. Curve-se diante de mim e ofereça creme ou atum.)",
          "followUpOptions": [
            {
              "optionText": "Certo, vou te arranjar um atum mais tarde.",
              "addObjective": "Get tuna for Sir Whiskers.",
              "icon": "GUI/quest mark",
              "dontDisplayIfHas": "Get tuna for Sir Whiskers.",
              "dontDisplayIfObjectiveComplete": "Get tuna for Sir Whiskers.",
              "exitLine": true,
              "responseText": "*Ronrona com arrogância* (Tradução: Bom. A obediência te cai bem. Talvez eu permita que você me faça carinho. Talvez.)"
            },
            {
              "optionText": "Você não vai conseguir nada de mim!",
              "responseText": "*Pia* (Tradução: Ah, você vai pagar. Espere que seus pertences favoritos sejam 'acidentalmente' derrubados da mesa. Repetidamente.)"
            }
          ]
        },
        {
          "optionText": "Certo, tudo bem. Você pode ficar.",
          "responseText": "*Miau* (Tradução: Como se eu precisasse da sua permissão. Agora cale-se enquanto eu tiro uma soneca, servo.)",
          "exitLine": true
        }
      ]
    }
  ]
}
