{
  "options": [
    {
      "optionText": "Você viu o que está acontecendo lá fora? O refúgio virou uma orgia completa!",
      "responseText": "Ah, você quer dizer o 'Sirirocalipse'? Sim, eu notei. Tive um lugar na primeira fila para a orgia no Restaurante. Um cara usou uma pilha de purê de batatas como lubrificante. Realmente comove.",
      "followUpOptions": [
        {
          "optionText": "Eu talvez, uh… tenha tido algo a ver com isso. Eu meio que ajudei o Líder da Resistência da Masturbação… sabe, a distribuir algum, uh, material de masturbação.",
          "responseText": "Então é por isso que encontrei uma assinatura para todo o refúgio de ‘Bumbuns Pré-Guerra Mensal’ debaixo da minha porta. Eu deveria saber que você estava envolvido. Você sozinho transformou este lugar de um convento de freiras reprimidas em uma cena de um pornô pré-guerra."
        },
        {
          "optionText": "Então… você está de boa com todo esse caos?",
          "responseText": "De boa com isso? Por favor. Eu esperei por este dia desde que me deram meu primeiro panfleto de castidade do refúgio. Ver a Polícia da Pureza se atrapalhar enquanto as pessoas estão literalmente se masturbando nos corredores? Esse é o tipo de justiça poética pela qual eu vivo."
        }
      ]
    },
    {
      "optionText": "Tchau.",
      "responseText": "Bom. Agora vá aproveitar sua obra, herói. Você mereceu. Só tome cuidado—você pode tropeçar em alguns… bem, digamos que há muitos pisos escorregadios por aí.",
      "exitLine": true
    }
  ],
  "auto_lines": [
    "Eu sabia que este lugar estava por um fio, mas não esperava que a gota d'água fosse uma rebelião sexual em todo o refúgio. Por que demoraram tanto?"
  ]
}
