{
  "options": [
    {
      "optionText": "[Presente]",
      "icon": "GUI/gift icon",
      "isGifting": true
    },
    {
      "optionText": "Tchau.",
      "responseTexts": [
        "Me deixando aqui sozinha com Hugh Jass, hein?",
        "Me deixando com o Hugh e seu olhar de mil jardas? Não se preocupe, eu o manterei companhia. Ele gosta de... silêncio.",
        "Vá em frente, aproveite sua liberdade enquanto dura. Se ouvir um grito, não se preocupe, sou apenas eu enlouquecendo com toda essa *pureza*.",
        "Não seja tímido, querido. Se meu corpo te ofende, tenho certeza que o rosto esmagado de alma do Hugh equilibrará o ambiente."
      ],
      "exitLine": true
    }
  ]
}
