{
  "options": [
    {
      "optionText": "Acho que distendi um músculo.",
      "responseText": "Bem-vindo às grandes ligas, campeão. Tente se alongar da próxima vez.",
      "followUpOptions": [
        {
          "optionText": "Pensei que você estava tentando me matar por um segundo.",
          "responseText": "Oh, se eu quisesse você morto, você seria fertilizante no laboratório de hidroponia agora mesmo. Considere-se sortudo por eu não ter trazido as algemas."
        },
        {
          "optionText": "Se debatendo? Pensei que estava dando o meu melhor!",
          "responseText": "O seu melhor? Querido, isso mal foi um C-."
        }
      ]
    },
    {
      "optionText": "Você quase destruiu minha cama!",
      "responseText": "Talvez você devesse investir em móveis mais fortes. Ou em movimentos melhores. De qualquer forma, não sou eu quem vai quebrar aqui."
    },
    {
      "optionText": "Acho que a Polícia da Pureza nos ouviu. É melhor você dar o fora antes que eles invadam.",
      "responseText": "Deixe que venham. Vou enfiar aquele Cassetete Bonk onde eles não conseguirão sentar por uma semana."
    },
    {
      "optionText": "Tchau",
      "responseText": "Tente não ser preso antes que eu fique entediada o suficiente para te visitar de novo.",
      "exitLine": true
    }
  ]
}
