{
  "options": [
    {
      "optionText": "O que você quer?",
      "icon": "GUI/quest mark",
      "responseText": "Um dildo. D-I-L-D-O. Preciso que seja liso e resistente, e não me importa como, ou onde—eu preciso de um de verdade antes que eu perca o juízo. Imagine a cara da Polícia da Pureza quando me pegarem usando um silicone sério em plena luz do dia!",
      "followUpOptions": [
        {
          "optionText": "Onde posso conseguir um?",
          "responseText": "Não nesta lata de ferrugem, com certeza. Já vasculhei o mercado negro. Nada. Se existir um, deve estar em algum lugar na wasteland."
        },
        {
          "optionText": "OK, eu pego.",
          "closeDialogueOptions": true,
          "addObjective": "Get dildo for Diana",
          "markEventAsPlayed": true,
          "icon": "GUI/quest mark",
          "fadeOutCharacter": true,
          "requestedItemFromDiana": "Monster Dildo",
          "responseText": "Oh, eu sabia que você ajudaria uma garota. Você sempre cumpre quando a missão envolve algo firme, não é?"
        },
        {
          "optionText": "Não sou seu garoto de recados.",
          "responseText": "Por mim tudo bem. Vou encontrar outra pessoa. Mas não venha chorando para mim quando perder toda a diversão.",
          "markEventAsPlayed": true,
          "fadeOutCharacter": true,
          "exitLine": true
        }
      ]
    }
  ],
  "auto_lines": [
    "Certo, herói, é isso. O refúgio finalmente me quebrou. Eu preciso de um dildo. Sim, você me ouviu. Um dildo. E antes que você pergunte, sim, eu já tentei improvisar. E não, não deu certo."
  ]
}
