{
  "options": [
    {
      "optionText": "Diana, acorde!",
      "responseText": "Mmm... saia antes que eu te dê um soco sonhado.",
      "followUpOptions": [
        {
          "optionText": "Estamos sob ataque!",
          "responseText": "Mmm... deixe que vençam... parece mais fácil... zzz..."
        },
        {
          "optionText": "Diana, eu preciso de você!",
          "responseText": "Mmph... que pena... zzz...",
          "followUpOptions": [
            {
              "optionText": "Levante-se ou vou contar ao Supervisor!",
              "responseText": "Diga a ele que sou fabulosa demais para acordar... zzz..."
            }
          ]
        }
      ]
    },
    {
      "optionText": "Aproveite sua soneca enquanto eu faço todo o trabalho.",
      "responseText": "Mmm... parece perfeito... zzz..."
    }
  ],
  "auto_lines": ["Zzz..."]
}
