{
  "options": [
    {
      "optionText": "[Denunciá-la para a Polícia da Pureza]",
      "responseTexts": [
        "Oh, querido, vá em frente! Eu poderia usar a plateia deles. ♥"
      ],
      "exitLine": true,
      "specialEffects": ["removeBlur", "removeVignette"]
    },
    {
      "optionText": "[Assistir secretamente]",
      "auto_lines": [
        "Mmm, é isso, deixe-me provar toda essa frustração reprimida. Você tem se segurado, não é? *chupa* ♥",
        "Morador do Refúgio: Ela é como um aspirador de pó, cara! Sugando a alma dele. Sou o próximo da fila!",
        "Ahh, não há nada como um bom e duro pau para deixar estes chuveiros quentes. Hmmm, vocês estão me deixando tão molhada aqui embaixo.",
        "Morador do Refúgio: Caramba, não admira que a Polícia da Pureza não consiga acompanhá-la. Ela é como uma rebelião de uma mulher só!",
        "*chupa* Não sejam tímidos, garotos, tenho espaço para todos. Apenas façam fila e deixem a Diana fazer sua mágica. ♥",
        "Morador do Refúgio: É por isso que precisamos fazê-la Supervisora. Ela sabe como manter a moral alta... e outras coisas.",
        "Oh, porra sim, é isso que eu gosto de ver – todos esses paus prontos para explodir. Aghh, continuem vindo!",
        "risadinhas Mmm, você tem um gosto tão bom. Eu poderia fazer isso o dia todo. Na verdade, talvez eu faça. Quem é o próximo?",
        "Oh, você está tão duro. Sinto seus sucos prontos para explodir. Hmmm, não se segure. ♥",
        "Mmm, eu amo quando você geme assim. Faz minha buceta pulsar só de pensar em toda essa porra. *chupa*",
        "Aghh, você está realmente me enchendo a boca. Continue, me encha. Quero provar cada gota. ♥",
        "É só isso que você tem? Já vi mais ação nos campos de batata. Me dê algo com que trabalhar! *chupa*",
        "Ahhh... Oh, eu amo quando você agarra meu cabelo assim. Me mostra o quão desesperado você está. ♥",
        "Aghh, sim! Me cubra com sua porra, deixe-me sentir sua frustração por toda a minha pele. Hmmm, estou ficando tão molhada.",
        "*chupa* Oh, consigo sentir você se contorcendo. Não se atreva a gozar ainda; não terminei de brincar com você.",
        "Você tem gosto de Wasteland, sujo e desesperado. Mmm, eu amo isso pra caralho. ♥",
        "risadinhas Acho que vejo alguns de vocês com ciúmes. Não se preocupem, tem eu o suficiente para todo mundo.",
        "Ahh, tantos paus duros, tão pouco tempo. Acho que terei que acelerar as coisas. Hmmm, não me faça esperar.",
        "Mmm, consigo sentir seus sucos se misturando com os meus. Tão doce e pegajoso. Aghh, não consigo ter o suficiente.",
        "Quem é um bom garoto? Mmm, você é. Vamos, goze para mim. Quero ver tudo no meu rosto.",
        "*chupa* Hmmm, você já está pingando pré-gozo. Alguém está ansioso. Não se preocupe, eu cuido de você. ♥",
        "Oh, porra, é isso. Eu amo sentir todo esse poder em minhas mãos, em minha boca. Hmmm, mais, me dê mais!",
        "Ahhh... Você gosta de me assistir, não é? Mmm, o jeito que eu coloco cada centímetro na minha garganta. Aghh, apenas espere sua vez."
      ],
      "specialEffects": ["removeBlur"]
    }
  ],
  "auto_lines": [
    "Mmm, é isso, deixe-me provar toda essa frustração reprimida. Você tem se segurado, não é? *chupa* ♥",
    "Morador do Refúgio: Ela é como um aspirador de pó, cara! Sugando a alma dele. Sou o próximo da fila!",
    "Ahh, não há nada como um bom e duro pau para deixar estes chuveiros quentes. Hmmm, vocês estão me deixando tão molhada aqui embaixo.",
    "Morador do Refúgio: Caramba, não admira que a Polícia da Pureza não consiga acompanhá-la. Ela é como uma rebelião de uma mulher só!",
    "*chupa* Não sejam tímidos, garotos, tenho espaço para todos. Apenas façam fila e deixem a Diana fazer sua mágica. ♥",
    "Morador do Refúgio: É por isso que precisamos fazê-la Supervisora. Ela sabe como manter a moral alta... e outras coisas.",
    "Oh, porra sim, é isso que eu gosto de ver – todos esses paus prontos para explodir. Aghh, continuem vindo!",
    "risadinhas Mmm, você tem um gosto tão bom. Eu poderia fazer isso o dia todo. Na verdade, talvez eu faça. Quem é o próximo?",
    "Oh, você está tão duro. Sinto seus sucos prontos para explodir. Hmmm, não se segure. ♥",
    "Mmm, eu amo quando você geme assim. Faz minha buceta pulsar só de pensar em toda essa porra. *chupa*",
    "Aghh, você está realmente me enchendo a boca. Continue, me encha. Quero provar cada gota. ♥",
    "É só isso que você tem? Já vi mais ação nos campos de batata. Me dê algo com que trabalhar! *chupa*",
    "Ahhh... Oh, eu amo quando você agarra meu cabelo assim. Me mostra o quão desesperado você está. ♥",
    "Aghh, sim! Me cubra com sua porra, deixe-me sentir sua frustração por toda a minha pele. Hmmm, estou ficando tão molhada.",
    "*chupa* Oh, consigo sentir você se contorcendo. Não se atreva a gozar ainda; não terminei de brincar com você.",
    "Você tem gosto de Wasteland, sujo e desesperado. Mmm, eu amo isso pra caralho. ♥",
    "risadinhas Acho que vejo alguns de vocês com ciúmes. Não se preocupem, tem eu o suficiente para todo mundo.",
    "Ahh, tantos paus duros, tão pouco tempo. Acho que terei que acelerar as coisas. Hmmm, não me faça esperar.",
    "Mmm, consigo sentir seus sucos se misturando com os meus. Tão doce e pegajoso. Aghh, não consigo ter o suficiente.",
    "Quem é um bom garoto? Mmm, você é. Vamos, goze para mim. Quero ver tudo no meu rosto.",
    "*chupa* Hmmm, você já está pingando pré-gozo. Alguém está ansioso. Não se preocupe, eu cuido de você. ♥",
    "Oh, porra, é isso. Eu amo sentir todo esse poder em minhas mãos, em minha boca. Hmmm, mais, me dê mais!",
    "Ahhh... Você gosta de me assistir, não é? Mmm, o jeito que eu coloco cada centímetro na minha garganta. Aghh, apenas espere sua vez."
  ]
}
