{
  "options": [
    {
      "optionText": "Certo, me impressione. Toque algo que *não* soe como um Brahmin morrendo.",
      "icon": "GUI/song icon",
      "responseText": "Desafio aceito. Mas aviso justo: seus padrões podem realmente aumentar até o final disso.",
      "followUpOptions": [
        {
          "optionText": "Tocar 'Metal Thomb'",
          "playMusic": "Songs/Diana songs/Metal Thomb",
          "auto_lines": ["Tente não chorar, ou pior, cantar junto."],
          "progressionEventPlayed": "song_request_from_diana"
        },
        {
          "optionText": "Tocar 'Morning Light'",
          "playMusic": "Songs/Diana songs/Morning Light",
          "auto_lines": ["Tente não chorar, ou pior, cantar junto."],
          "progressionEventPlayed": "song_request_from_diana"
        },
        {
          "optionText": "Tocar 'Toxic Water'",
          "playMusic": "Songs/Diana songs/Toxic Water",
          "targetCharacterShouldHaveItems": "Drums",
          "auto_lines": [
            "Certo, segure sua última célula cerebral—isso pode ser o que finalmente a soltará."
          ],
          "progressionEventPlayed": "song_request_from_diana"
        }
      ]
    },
    {
      "optionText": "Então, quando você vai lançar sua mixtape?",
      "responseText": "Oh, está saindo em breve. Exclusivamente nos banheiros do refúgio para aquela experiência acústica *perfeita*.",
      "followUpOptions": [
        {
          "optionText": "Mixtape de banheiro? Isso é o auge da energia do refúgio. Eu ouviria.",
          "responseText": "Ótimo, porque espero críticas entusiasmadas. Ou, sabe, apenas sons de descarga. Mesma coisa."
        }
      ]
    },
    {
      "optionText": "[Dar um Presente]",
      "icon": "GUI/gift icon",
      "isGifting": true
    },
    {
      "optionText": "Tchau",
      "responseText": "Já vai? Você vai perder meu grande final. Ou não. Ainda não decidi.",
      "exitLine": true
    }
  ]
}
