{
  "options": [
    {
      "optionText": "Você está falando sério, deixando o Hugh Jass aproveitar a vista? O que há de errado com você?",
      "responseText": "O que há de errado comigo? Ah, não sei, talvez eu esteja presa em um refúgio onde não consigo nenhum alívio, e agora eu simplesmente *cansei* de me importar? Deixe ele olhar. Ele não pode tocar.",
      "followUpOptions": [
        {
          "optionText": "É difícil dizer se você está tentando provocar ou se realmente perdeu a cabeça.",
          "responseText": "Oh, são ambos, querido. Estou perdendo a cabeça, mas posso muito bem me divertir um pouco antes de surtar completamente. Hugh parece gostar do show, pelo menos!"
        },
        {
          "optionText": "Ele provavelmente está imaginando todas as coisas horríveis possíveis agora.",
          "responseText": "Oh, confie em mim, eu sei. Consigo *sentir* o cérebro pervertido dele trabalhando horas extras. Pelo menos alguém está tirando algo disso!"
        },
        {
          "optionText": "Hugh, amigo, talvez queira fechar a boca antes de começar a babar em si mesmo.",
          "responseText": "*Hugh Jass*: 'Eu... eu não consigo evitar! Ela está bem ali, mostrando *tudo*! Isso é demais para um homem aguentar!'",
          "followUpOptions": [
            {
              "optionText": "Você quebrou o Hugh oficialmente. Ele parece um cachorrinho que acabou de ver seu primeiro bife.",
              "responseText": "Bom. Talvez agora ele pare de falar sobre sua 'técnica'. Sinceramente, vê-lo se contorcer quase vale a pena."
            },
            {
              "optionText": "O Hugh está a dois segundos de tornar isso muito mais bagunçado. Talvez você queira se cobrir.",
              "responseText": "Não, deixe ele sofrer. É a maior emoção que ele teve em anos. Além disso, estou apenas sentada aqui... totalmente inocente, certo?"
            }
          ]
        }
      ]
    }
  ]
}
