{
  "options": [
    {
      "optionText": "Uau... É muita porra...",
      "responseText": "Você diz isso como se não fosse uma quinta-feira normal por aqui. Não finja estar tão chocado—este refúgio é uma panela de pressão, e alguns de nós sabem como aliviar o estresse.",
      "followUpOptions": [
        {
          "optionText": "Isso é realmente aliviar o estresse ou apenas... chupar?",
          "responseText": "Chame do que quiser, mas todos aqui estão mais tensos que a buceta de uma freira. Estou apenas fazendo minha parte para evitar que o refúgio exploda."
        },
        {
          "optionText": "Você, uh... precisa de uma toalha?",
          "responseText": "Para quê? Com medo que eu escorregue a caminho de estragar a noite de outra pessoa?"
        }
      ]
    },
    {
      "optionText": "Tchau",
      "responseText": "Sim, vá bater uma ou algo assim antes que se meta em encrenca.",
      "exitLine": true
    }
  ]
}
