{
  "options": [
    {
      "optionText": "Você deixou cair alguma coisa... ou tudo?",
      "responseText": "Oh, deixei? Foi mal. Acho que estou muito distraída pensando em todas as batatas que eu poderia estar cultivando em vez de usar roupas. Sério, suma daqui antes que eu aperte o botão de pânico."
    },
    {
      "optionText": "[Dar um tapa na bunda dela]",
      "specialEffects": ["Punch"],
      "responseTexts": [
        "Mmm, é só isso que você tem? Eu esperava mais que um tapinha de amor.",
        "Ooh, olhe para você, se tornando o campeão de palmadas do Refúgio 6969. Da próxima vez, use as duas mãos e talvez eu te dê uma medalha.",
        "Se vai dar um tapa na minha bunda, pelo menos faça valer a pena. Parecia uma criança tentando matar uma mosca.",
        "Bem, alguém está se sentindo safado hoje. Espero que seu braço de palmada seja tão forte quanto sua falta de autocontrole.",
        "Caramba, e eu aqui pensando que você era só mais um morador de refúgio chato. Talvez ainda haja esperança para você.",
        "Nada mal, mas já levei pancadas mais fortes dos cassetetes da Polícia da Pureza."
      ],
      "playSound": "slap2",
      "desirePoints": 1,
      "relationshipRequired": 35,
      "failedCheckResponse": "…Você acabou de tentar dar um tapa na minha bunda? Querido, você vai precisar de mais do que um tapa desesperado para me impressionar. Volte quando tiver algo que valha a pena usar para bater."
    },
    {
      "optionText": "[Presente]",
      "icon": "GUI/gift icon",
      "isGifting": true
    },
    {
      "optionText": "Tchau.",
      "responseTexts": [
        "Já vai? Caramba, eu estava me preparando para começar a cobrar entrada.",
        "Já vai tarde. E não se esqueça de limpar a baba do rosto."
      ],
      "exitLine": true
    }
  ]
}
