{
  "options": [
    {
      "optionText": "Você está bem aqui?",
      "responseText": "Sim... só precisava de um momento. A água ajuda. Faz tudo parecer... mais leve. Mesmo quando estou carregando metade de você dentro de mim.",
      "followUpOptions": [
        {
          "optionText": "Você sabe que tem um cara lá atrás batendo uma, certo?",
          "responseText": "Claro que sei. Estou grávida, não cega. Ele está observando há um tempo—apenas mais um pervertido patético. Eu poderia gritar, chamar a segurança... mas sinceramente? Eu simplesmente não tenho energia para me importar agora.",
          "followUpOptions": [
            {
              "optionText": "Quer que eu lide com ele?",
              "responseText": "Parte de mim quer. Mas outra parte de mim... só quer continuar aqui, fingindo que não é nada. Acho que a maternidade te deixa estranha assim."
            },
            {
              "optionText": "Por que você está simplesmente deixando acontecer?",
              "responseText": "Porque parte de mim costumava amar isso—ser observada, desejada, todos os olhos em mim. Mas agora? Eu só me sinto... exposta e cansada. Tudo mudou, e não sei mais quem eu deveria ser. Mas você está certo. Sei que não quero ser aquela mulher de novo. Não com você ao meu lado."
            },
            {
              "optionText": "*ficar entre ela e o homem, protegendo-a*",
              "responseText": "*expira silenciosamente* ...Obrigada. Eu não pedi, mas... agradeço. Só... fique aqui comigo por um tempo, ok? É tudo que preciso agora."
            }
          ]
        }
      ]
    }
  ],
  "showShadowFigures": "Showers when diana pregnant"
}
