{
  "options": [
    {
      "optionText": "[Dar atum]",
      "itemRequired": "Tuna",
      "icon": "GUI/quest mark",
      "giveItemToCharacter": "Tuna",
      "onlyDisplayIfHasObjective": "Get tuna for Sir Whiskers.",
      "markObjectiveComplete": "Get tuna for Sir Whiskers.",
      "responseText": "*Ronrona profundamente* (Tradução: Finalmente, um humano que entende seu papel. Isso me agrada.)",
      "followUpOptions": [
        {
          "optionText": "De nada, Vossa Majestade.",
          "responseText": "*Pia* (Tradução: Não abuse, camponês. Apenas continue trazendo o atum, и não teremos problemas.)",
          "exitLine": true
        },
        {
          "optionText": "Isso é tudo que você vai ganhar. Não espere mais.",
          "responseText": "*Abana o rabo* (Tradução: Uma declaração ousada. Farei questão de te lembrar disso quando encontrar seus sapatos misteriosamente rasgados.)",
          "exitLine": true
        }
      ]
    },
    {
      "optionText": "[Fazer carinho]",
      "playSound": "Sounds/fallout 4/purring",
      "responseTexts": [
        "Miau...",
        "<i>*Ronrona suavemente, se esfregando no seu braço.*</i>"
      ],
      "exitLine": true
    }
  ]
}
