{
  "options": [
    {
      "optionText": "Eu vi tudo... e quero dizer *tudo*.",
      "responseText": "Bom para você, garoto voyeur. Anotou alguma coisa?",
      "followUpOptions": [
        {
          "optionText": "Você nem me notou assistindo?",
          "responseText": "Ah, eu notei. Mas você não é exatamente uma ameaça, é?"
        },
        {
          "optionText": "Você percebe que ainda está sem as calças, certo?",
          "responseText": "E? O quê, você quer enquadrar este momento? Vá em frente, tire uma foto.",
          "followUpOptions": [
            {
              "optionText": "Estou só dizendo... É bem ousado.",
              "responseText": "Ousado é chato. Eu prefiro 'imprudente'. Mantém as coisas interessantes. Talvez você devesse tentar algum dia em vez de ser o animal de estimação da Vault-Tec que segue as regras."
            }
          ]
        },
        {
          "optionText": "Não está preocupada em deixar... evidências?",
          "responseText": "O quê? Algumas manchas em uma toalha de mesa? Confie em mim, este lugar já viu coisa pior. A Polícia da Pureza vai simplesmente limpar."
        },
        {
          "optionText": "Então, uh... como foi? Valeu o risco?",
          "responseText": "O que você acha, gênio? Olhe para mim. Olhe para eles. Essas são as caras de caras que acabaram de ver Deus. E eu? Estou apenas começando."
        }
      ]
    },
    {
      "optionText": "Tchau",
      "responseText": "Vá andando, herói. Não tropece no seu pequeno problema duro no caminho.",
      "exitLine": true
    }
  ]
}
