{
  "options": [
    {
      "optionText": "Essa é... minha banana?",
      "responseText": "Ah, isto? Sim, seu pequeno 'presente' foi bem aproveitado. Pensei em tornar as coisas... interessantes.",
      "followUpOptions": [
        {
          "optionText": "Valeu... a pena?",
          "responseText": "Depende. Você gosta do seu potássio com um acompanhamento de vergonha?",
          "followUpOptions": [
            {
              "optionText": "Você não tem vergonha nenhuma, não é?",
              "responseText": "Vergonha? Deixei isso para trás há muito tempo."
            }
          ]
        },
        {
          "optionText": "Quer ir para o segundo round com isso?",
          "responseText": "Acha que sou tão fácil assim, hein? Você terá que inventar algo mais... criativo da próxima vez.",
          "followUpOptions": [
            {
              "optionText": "Que tal um pepino?",
              "responseText": "Coisa de amador. Tente algo melhor."
            }
          ]
        }
      ]
    },
    {
      "optionText": "Eu não pensei que você realmente a usaria ASSIM...",
      "responseText": "Por favor, você me deu uma banana neste buraco infernal, o que você *esperava* que eu fizesse com ela? Fizesse uma vitamina?",
      "followUpOptions": [
        {
          "optionText": "Pensei que você a comeria como uma pessoa normal!",
          "responseText": "Docinho, não há nada de 'normal' em mim ou neste refúgio. Acostume-se."
        },
        {
          "optionText": "Sinceramente, estou meio impressionado.",
          "responseText": "Claro que está. Eu deveria cobrar por esse tipo de performance. Da próxima vez, talvez traga um pouco de chantilly para um toque extra."
        }
      ]
    },
    {
      "optionText": "Tchau",
      "responseText": "Já vai? Não se preocupe, a tensão vai te seguir.",
      "exitLine": true
    }
  ]
}
