{
  "options": [
    {
      "optionText": "O que você está fazendo aqui durante o horário de banho masculino?",
      "responseText": "Apenas aproveitando as vistas... e os sons. O Refúgio 6969 não deixa muito espaço para *diversão*, então tenho que aproveitar onde posso.",
      "followUpOptions": [
        {
          "optionText": "Se divertindo um pouco demais, hein?",
          "responseText": "Oh, docinho, você não tem *ideia*. É como se eu tivesse entrado em um buffet... e nem precisei pagar por isso.",
          "followUpOptions": [
            {
              "optionText": "Tem certeza que não quer um prato?",
              "responseText": "Tentador, mas gosto de saborear as coisas... à distância. Por enquanto."
            },
            {
              "optionText": "Cuidado, você pode morder mais do que consegue mastigar.",
              "responseText": "Eu gosto de um desafio. Mas olhando ao redor, eu diria que a maioria de vocês é do tamanho de uma mordida. Lanche fácil, na verdade."
            }
          ]
        },
        {
          "optionText": "Você está *definitivamente* quebrando alguma regra.",
          "responseText": "E, no entanto, ninguém está me impedindo. Engraçado como isso funciona, não é? Ou talvez ninguém queira. Você não se importa, certo?"
        }
      ]
    },
    {
      "optionText": "Tchau",
      "responseText": "Já vai? Que pena. Da próxima vez, não seja tão tímido. Talvez eu deixe esta toalha cair, e não seria uma bela visão?",
      "exitLine": true
    }
  ],
  "showShadowFigures": "Showers Men"
}
