{
  "options": [
    {
      "optionText": "Como você está aguentando aqui? Sinto muito por isso.",
      "emotion": "Characters/Diana/shame chamber/emotions/opened eyes",
      "responseText": "Ah, não se preocupe, herói. Estou ótima, aproveitando o melhor da propaganda saudável dos anos 50 e Hugh Jass encarando meus peitos. O que há para não amar em ficar trancada em uma sala com um maestro da masturbação? Tudo graças a você.",
      "followUpOptions": [
        {
          "optionText": "Olha, você forçou a barra. Você conhecia as regras do refúgio.",
          "responseText": "Regras? Por favor. Eu estava apenas esticando as pernas… e talvez minha camisa tenha esticado um pouco demais também. Mas ei, obrigado pela traição. Eu realmente precisava deste tempo de qualidade para refletir sobre meus *maus caminhos*.",
          "exitLine": true
        },
        {
          "optionText": "Vamos lá, não é como se você fosse ficar aqui para sempre.",
          "responseText": "Para sempre? Querido, neste lugar, cinco minutos parecem uma eternidade. E você sabe como eu fico quando estou entediada... ou com tesão.",
          "exitLine": true
        },
        {
          "optionText": "Sabe, eu até gosto de te ver aqui. Bem feito por quebrar as regras.",
          "responseText": "Ah, aposto que sim. Se excitando ao ver alguém sofrer na Câmara da Vergonha? Essa é uma mentalidade bem doentia.",
          "relationship": -20,
          "exitLine": true
        }
      ]
    }
  ]
}
