{
  "options": [
    {
      "optionText": "Bela... uh, ventilação que você tem aí.",
      "responseText": "Oh, isso? Sim, eu estava apenas fazendo uma 'manutenção', e ops! Parece que o tecido não aguentou minha... presença avassaladora. Surpreso?"
    },
    {
      "optionText": "[Sacanagem] Aposto que eu poderia te ajudar com esse rasgo... se estiver interessada.",
      "responseText": "Oh, tenho certeza que você está morrendo de vontade de colocar as mãos neste tecido, não é? Mas não acho que você daria conta do recado. Talvez se você pedisse com jeitinho... com muito jeitinho."
    },
    {
      "optionText": "[Presente]",
      "isGifting": true
    },
    {
      "optionText": "Tchau.",
      "responseTexts": [
        "Já vai? Acho que terei que encontrar outra plateia para minha rebelião acidental.",
        "Até mais, santo. Não deixe a propaganda da pureza bagunçar muito sua cabeça.",
        "Já vai? Acho que terei que manter o outro mamilo coberto por enquanto."
      ],
      "exitLine": true
    }
  ]
}
