{
  "options": [
    {
      "optionText": "Diana... QUE PORRA ACONTECEU?!",
      "progressionEventPlayed": "talkedToDianaAfterPurge",
      "responseText": "*Diana engasga, cuspindo sangue no chão* Hans... aquele... absoluto... psicopata incel... *tosse violentamente* achou que podia... purgar este lugar...",
      "followUpOptions": [
        {
          "optionText": "Aquele bastardo... eu deveria ter atirado nele.",
          "responseText": "...sim... talvez da próxima vez... não entregue uma arma... para o enclave... jogada brilhante, gênio... *sangue escorre pelo queixo dela* ...por favor, prometa-me... *engole sangue* que você vai cuidar... do Sir Bigodes...",
          "followUpOptions": [
            {
              "optionText": "Sir Bigodes? Diana, do que você está falando?",
              "responseText": "Meu gato... seu idiota... *ofega*... alimente-o... diga a ele... que eu o amava... mais do que... qualquer um de vocês, perdedores..."
            },
            {
              "optionText": "Sinto muito, Diana. Não pensei que ele faria isso...",
              "responseText": "...você não... *tosse* pensou em nada... não é? ele tem... Mein Kampf... *ofega* mas ei... bom trabalho...",
              "followUpOptions": [
                {
                  "optionText": "Vou fazê-lo pagar. Eu juro.",
                  "responseText": "...bom... porque ele é... *engole sangue* um absoluto... maluco... certifique-se de que doa..."
                },
                {
                  "optionText": "Você merece isso.",
                  "responseText": "*Os olhos de Diana faíscam de raiva, sua voz rouca apesar do sangue se acumulando em sua garganta* ...você é igual... a ele... *tosse violentamente* ...pequeno esquisito... incel doente... *engole sangue* ...aposto que você acha... que isso te faz... poderoso... patético..."
                }
              ]
            }
          ]
        }
      ]
    },
    {
      "optionText": "[Acabe com ela]",
      "killCharacter": true,
      "progressionEventPlayed": "finishedDiana",
      "exitLine": true,
      "specialEffects": ["stab"],
      "responseText": "*Os olhos de Diana se estreitam, sangue borbulhando de seus lábios* ...espere—você está falando sério? *ri, depois engasga* espero que seu próximo boquete do Hans venha com balas... *o sorriso desaparece*"
    },
    {
      "optionText": "Adeus, Diana.",
      "responseText": "...adeus... idiota...",
      "exitLine": true
    }
  ],
  "auto_lines": [
    "*Diana agarra fracamente a beirada da cama enquanto olha para você* ...imaginei... que você estaria morto também... *engole em seco, sua voz amarga* ...acho que baratas como você... sempre sobrevivem..."
  ]
}
