{
  "options": [
    {
      "optionText": "Que porra é essa?",
      "responseText": "Uh, bem, já ouviu falar de experimentação? Sabe, forçar os limites? Inovar?",
      "specialEffects": ["removeBlur", "removeVignette"],
      "followUpOptions": [
        {
          "optionText": "Tenho certeza que não há brecha para 'cachorro' nas regras do refúgio.",
          "responseText": "Ah, relaxa. Na pior das hipóteses, eles me rotulam de ‘Furry’."
        },
        {
          "optionText": "Você é doente, sabia, né?",
          "responseText": "Pfft, me chame do que quiser. Mas *isso*... Isso é só eu encontrando saídas criativas, ok?"
        }
      ]
    },
    {
      "optionText": "[Denunciá-la para a Polícia da Pureza]",
      "responseTexts": ["Oh, querido, vá em frente! ♥"],
      "reported": 5,
      "fadeOutCharacter": true,
      "exitLine": true,
      "specialEffects": ["removeBlur", "removeVignette"]
    }
  ]
}
