{
  "options": [
    {
      "optionText": "[Denunciá-la para a Polícia da Pureza]",
      "responseTexts": [
        "Vá em frente, dedo-duro. Só não se esqueça de dizer a eles quanto tempo você ficou aí assistindo antes de decidir dedurar. Com certeza mencionarei como você não conseguia tirar os olhos de mim.",
        "Que p--?! Seu dedo-duro! Vá em frente, me denuncie, mas não finja que não estava pensando em participar. Só lembre-se: dedos-duros não ganham... nada. E quero dizer nada mesmo."
      ],
      "exitLine": true,
      "fadeOutCharacter": true,
      "specialEffects": ["removeBlur", "removeVignette"],
      "reported": 5
    },
    {
      "optionText": "[Assistir secretamente]",
      "closeDialogueOptions": true,
      "isHEventStarted": true,
      "icon": "GUI/eye icon",
      "hEventName": "diana_dog_fuck",
      "spriteAtTheEndOfHscene": "Characters/Diana/in cum/IPAdapter_00842_(1)",
      "spriteAtTheEndOfHscenePosition": [2.76, -1.07],
      "specialEffects": ["removeBlur", "removeVignette"],
      "lineAfterHevent": "Ahh... foi incrível... bom garoto ♥︎",
      "emotionsDuringHevent": [
        "none",
        "Characters/Diana/Emotions/fucked by dog/fucked by dog",
        "Characters/Diana/Emotions/fucked by dog/fucked by dog(1)",
        "Characters/Diana/Emotions/fucked by dog/fucked by dog(2)",
        "Characters/Diana/Emotions/fucked by dog/fucked by dog(3)",
        "Characters/Diana/Emotions/fucked by dog/fucked by dog(4)"
      ],
      "endingEffects": ["Flashes"],
      "auto_lines": [
        "Mmm, não pare~ ah, bom garoto...  ♥",
        "Mmm, ahh, continue assim, bom garoto~",
        "Mmm, seu pau de animal me fez sentir tão viva... ahh, mais, preciso de mais~",
        "Hmmm, isso está realmente me excitando... ugh, não pare agora~ ♥",
        "Ohh, não acredito que estou fazendo isso com um cachorro... ah, isso está me enlouquecendo... ahh, só mais um pouco... hmmm~",
        "Mmm, está me fazendo sentir coisas que nunca senti... ahh, sim~",
        "Ahh... continue mexendo esses quadris, garoto~ ♥",
        "Ohh, mmm, me faça sentir~",
        "Mmm, sim, é isso... ahh, nem pense em parar~",
        "Mmm, seu pau é perfeito... continue me fodendo assim.",
        "Ahh, está atingindo todos os pontos certos... hmmm, continue assim~ ♥",
        "Ohh, sim, estou amando cada segundo disso... mmm, mais, mais~",
        "Mmm, está me deixando tão quente... ahh, não se atreva a parar~",
        "Ahh, mmm, me faça sentir cada centímetro~ ♥",
        "Mmm, quero sentir sua porra dentro de mim... me encha!",
        "Mmm, estou gozando, estou gozando... oh, porra, SIM!"
      ]
    }
  ],
  "auto_lines": ["Mmm, ahh, continue assim, bom garoto~", "Ahh~ ♥"],
  "hEventStarted": "fucked_by_dog"
}
