{
  "options": [
    {
      "optionText": "Então, uh... você e esse dildo. Qual é a história aqui?",
      "responseText": "O quê, essa coisinha? Não é *meu*. Eu estava apenas... *pegando emprestado* de um amigo. Precisava de algo para manter minha buceta ocupada enquanto o resto deste refúgio se masturba para projetos e 'pensamentos puros'. Mas a julgar por esse volume, parece que você quer ser o próximo da fila, hein?",
      "followUpOptions": [
        {
          "optionText": "Você... precisa de ajuda com isso? Sabe, como amigo.",
          "responseText": "Aww, que fofo. Você quer ser meu brinquedinho, hein? Desculpe, mas não faço caridade. A menos que queira ser minha *equipe de limpeza* depois que eu terminar com ele. É melhor trazer uma toalha, no entanto. Eu não esguicho em 'pequenas doses'."
        }
      ]
    }
  ]
}
