{
  "options": [
    {
      "optionText": "E aí, amigão! Quem é um bom garoto?",
      "playSound": "Sounds/fallout 4/bark",
      "responseTexts": ["Au! <i>(sons de rabo abanando)</i>"],
      "followUpOptions": [
        {
          "optionText": "Você sabe onde fica o Botão de Liberação de Emergência?",
          "responseText": "Au au! <i>(cheira ao redor e olha para cima, como se tentasse ser útil, mas sem realmente entender)</i>"
        },
        {
          "optionText": "Como é a vida no Refúgio 6969, hein?",
          "responseText": "Au, au! <i>(gira em círculos, claramente apenas animado por receber atenção)</i>"
        }
      ]
    },
    {
      "optionText": "[Fazer carinho]",
      "playSound": "Sounds/fallout 4/dog breathing",
      "responseText": "Au! Au! <i>(encosta na sua mão, abanando o rabo furiosamente, e late feliz, aproveitando o carinho)</i>",
      "exitLine": true
    }
  ]
}
