{
  "options": [
    {
      "optionText": "Quem é você?",
      "responseText": "Oh, docinho. Sou o último sonho molhado antes que a radiação ferva seu pau. E se você tiver muita sorte, talvez eu te deixe rastejar pelo meu chão antes de colocar uma bala na sua cabeça com um beijo.",
      "followUpOptions": [
        {
          "optionText": "Como você acabou casada com seu marido?",
          "responseText": "Eu o fiz sangrar na primeira vez que fodemos. Ele me pediu em casamento depois que quebrei sua mandíbula com meu salto. Tem sido amor desde então."
        },
        {
          "optionText": "Você realmente acredita nessa história de supremacia do Enclave?",
          "responseText": "Acredito? Eu orquestro. Augustus grita sobre pureza enquanto eu sussurro nos ouvidos dos quebrados e brutalizados. Eu decido quem fode, quem morre e quem sobe. Ele é o senhor da guerra. Eu sou a ideologia."
        },
        {
          "optionText": "O que acontece se eu te desrespeitar?",
          "responseText": "Depende. Publicamente? Farei Augustus arrancar sua língua. Privadamente? Farei você implorar pela morte entre minhas coxas, depois te deixarei amarrado a uma cadeira enquanto seu substituto assiste."
        },
        {
          "optionText": "Você é aterrorizante. Acho que estou apaixonado.",
          "responseText": "Oh, bom. É assim que começa. Depois vem a obsessão. Depois a autodestruição. Mas a jornada é inesquecível."
        }
      ]
    },
    {
      "optionText": "Tchau",
      "responseText": "Vá andando, marionete de carne.",
      "exitLine": true
    }
  ]
}
