{
  "options": [
    {
      "optionText": "Ainda está chateado com os ghouls?",
      "onlyShowIfProgressionEventPlayed": "toldFarmerAboutGhoulEscape",
      "responseText": "Você quer dizer os fugitivos? Sim, estou chateado. Um deles era meu melhor colhedor—não reclamava, nem apodrecia perto das plantações. Agora estou com falta de mão de obra e muito trabalho. Você não saberia de nada sobre isso... saberia?",
      "followUpOptions": [
        {
          "optionText": "Só pensei que você já tinha superado.",
          "responseText": "Não é tão fácil. As pessoas não fazem fila para cavar merda de brahmin por migalhas. Eu me viro, mas da próxima vez que alguém abrir meu celeiro sem pedir, não sairá andando.",
          "exitLine": true
        }
      ]
    },
    {
      "optionText": "Seus ghouls parecem ter se soltado.",
      "onlyDisplayIfObjectiveComplete": "Get the Keys from Mr. Greaves",
      "dontShowIfProgressionEventPlayed": "toldFarmerAboutGhoulEscape",
      "progressionEventPlayed": "toldFarmerAboutGhoulEscape",
      "dontShowThisCharacterTodayAnymore": true,
      "responseText": "Que inferno?! Você está falando sério?! Eu *disse* para a June verificar as correntes deles duas vezes! Malditos podres—se eles tocarem no meu gado, eu juro—",
      "fadeOutCharacter": true,
      "exitLine": true
    },
    {
      "optionText": "[Roubar as Chaves]",
      "onlyDisplayIfHasObjective": "Get the Keys from Mr. Greaves",
      "dontShowIfProgressionEventPlayed": "gotTheFarmerKeys",
      "itemRequired": "Stealth Boy",
      "giveItem": "Keys",
      "progressionEventPlayed": "gotTheFarmerKeys",
      "icon": "GUI/quest mark",
      "responseText": "Que inferno foi isso? O vento pregando peças de novo... ou algo rastejando onde não deveria?",
      "exitLine": true
    },
    {
      "optionText": "Tem algum brahmin à venda?",
      "onlyDisplayIfHasObjective": "Bring a Brahmin to Children of Atom",
      "dontShowIfProgressionEventPlayed": "gotBrahmin",
      "icon": "GUI/quest mark",
      "responseText": "Sim, mas não é barato. Mil caps no mínimo—a menos que queira trocar por algo bom. Estes bichos não são fáceis de criar, e mais difíceis de deixar ir.",
      "followUpOptions": [
        {
          "optionText": "Fechado. Vou levar um.",
          "progressionEventPlayed": "gotBrahmin",
          "capsRequired": 1000,
          "addCaps": -1000,
          "addFollower": "Brahmin",
          "responseText": "Bem, que se dane. Não pensei que você fosse alguém com caps. Ela é sua—só não deixe que a matem por aí.",
          "exitLine": true
        },
        {
          "optionText": "Muito caro para mim.",
          "responseText": "Imaginei. Gado bom não é caridade.",
          "exitLine": true
        }
      ]
    },
    {
      "optionText": "Sobre sua esposa... ela não vai voltar.",
      "onlyDisplayIfHasObjective": "Bring the Farmer's Wife back",
      "onlyShowIfProgressionEventPlayed": "foundFarmersWife",
      "responseText": "Que inferno você quer dizer com ela não vai voltar? Não fique aí parado com cara de idiota—o que eles fizeram com ela?",
      "followUpOptions": [
        {
          "optionText": "Eles a quebraram. A Irmandade a viciou em paus.",
          "responseText": "Você está de sacanagem... Minha Mira deixando aqueles bastardos de aço fazerem isso com ela? De jeito nenhum! Eles piraram a cabeça dela, não foi? Esqueceu que tem uma família?! Eu... droga. Droga pra todo o inferno!"
        },
        {
          "optionText": "<color=#ad0a08>[Desistir]</color> Ela está perdida demais. Não há como salvá-la agora, desculpe.",
          "failQuest": "Bring the Farmer's Wife back",
          "progressionEventPlayed": "failedToBringTheFarmerWife",
          "responseText": "Malditos animais da Irmandade... Levaram tudo que eu tinha. Suma da minha frente. Não aguento olhar para ninguém agora.",
          "exitLine": true
        }
      ]
    },
    {
      "optionText": "Eu trouxe sua esposa de volta... você não vai gostar disso.",
      "onlyDisplayIfHasObjective": "Bring the Farmer's Wife back",
      "onlyShowIfProgressionEventPlayed": "gotFarmersWife",
      "showChoiceStats": "wife_returned",
      "markObjectiveComplete": "Bring the Farmer's Wife back",
      "icon": "GUI/quest mark",
      "removeFollower": "Mira",
      "responseText": "Essa... essa não é minha Mira. Ela parece um maldito cão vira-lata. Cheira como um também... Cristo todo-poderoso, no que a transformaram?!",
      "followUpOptions": [
        {
          "optionText": "Ela está mais feliz onde estava. Nem se lembra de você.",
          "responseText": "Então ela está morta para mim. Leve-a, deixe-a, inferno, jogue-a no rio por mim. Não vou olhar para essa bagunça de novo."
        },
        {
          "optionText": "Ela... mudou. A Irmandade a estragou muito.",
          "responseText": "Mudou? Mudou nem chega perto. Essa não é mais minha Mira. Maldita Irmandade—eles não apenas a quebraram, eles roubaram sua maldita alma!"
        },
        {
          "optionText": "Ainda vai me pagar?",
          "addCaps": 200,
          "responseText": "Te pagar? Merda, quer um bônus por entregar uma boneca quebrada? Pegue seus caps e rasteje de volta para qualquer buraco de onde saiu.",
          "exitLine": true
        }
      ]
    },
    {
      "optionText": "Um de seus ghouls me pediu ajuda.",
      "onlyShowIfProgressionEventPlayed": "ghoulAskedForHelp",
      "addCaps": 50,
      "progressionEventPlayed": "gotCapsForRattingOutGhoul",
      "dontShowIfProgressionEventPlayed": "gotCapsForRattingOutGhoul",
      "responseText": "Aquele bastardo podre acha que vai sair livre? Ha! Vou apertar as correntes dele com tanta força que sua mandíbula vai quebrar se ele pensar em pedir de novo. Vou ensinar aquele saco de radiação nojento quem manda nesta fazenda. Aqui—pegue alguns caps por dedurá-lo.",
      "exitLine": true
    },
    {
      "optionText": "Calma aí.",
      "responseText": "Calma o meu cu. Pessoas que falam com calma geralmente têm algo nojento escondido na manga. Você é um deles?",
      "followUpOptions": [
        {
          "optionText": "Não estou escondendo nada.",
          "responseText": "Foi o que o último cara disse antes de tentar roubar meu brahmin. Espero que você seja um mentiroso melhor ou um corredor mais rápido."
        },
        {
          "optionText": "Quem é aquele ghoul?",
          "responseText": "Aquele velho bastardo podre? Mendigo que virou ajudante de fazenda. As correntes o mantêm amigável.",
          "followUpOptions": [
            {
              "optionText": "Um pouco duro, não acha?",
              "responseText": "Duro é ele comendo meu gado vivo. Correntes são melhores que balas—para ele, pelo menos."
            },
            {
              "optionText": "Nunca tem medo que ele se solte?",
              "responseText": "Não. Ele sabe que se soltar significa uma bala entre os olhos."
            }
          ]
        },
        {
          "optionText": "Por que o rifle?",
          "responseText": "Mantém idiotas fazendo perguntas estúpidas à distância."
        }
      ]
    },
    {
      "optionText": "Algo te incomodando?",
      "dontDisplayIfObjectiveComplete": "Bring the Farmer's Wife back",
      "dontDisplayIfHasObjective": "Bring the Farmer's Wife back",
      "dontShowIfProgressionEventPlayed": "failedToBringTheFarmerWife",
      "progressionEventPlayed": "learnedAboutFarmerWifeMissing",
      "icon": "GUI/quest mark",
      "responseText": "Ah, só os bastardos da Irmandade roubando minha Mira. Disseram que ela está 'cozinhando voluntariamente', mas, inferno, não sou burro. Ela sumiu há duas semanas, e aqueles filhos da puta de lata não parecem muito mais gordos para mim.",
      "followUpOptions": [
        {
          "optionText": "Quem é Mira?",
          "responseText": "Minha esposa. Mais resistente que couro de brahmin, mas tem um ponto fraco pela família. A Irmandade veio latindo sobre tributo, ameaçando levar nossa filha em vez disso. Mira se ofereceu. Pensei que seria apenas cozinhar, mas agora acho diferente."
        },
        {
          "optionText": "Precisa dela de volta?",
          "icon": "GUI/quest mark",
          "responseText": "Mais do que água ou uísque. Se você arrastar a Mira de volta para cá, vou garantir que seus bolsos fiquem pesados daqui até Appalachia.",
          "followUpOptions": [
            {
              "optionText": "Parece perigoso. É melhor pagar bem.",
              "responseText": "Perigoso é me irritar agora. Mas te darei tudo, menos minha filha. Isso é bom o suficiente para você?"
            },
            {
              "optionText": "Estou dentro. Onde ela está?",
              "icon": "GUI/quest mark",
              "responseText": "A Irmandade está naquele posto avançado a oeste daqui. O lugar está cheio deles. Não leve um tiro na cabeça tentando.",
              "addObjective": "Bring the Farmer's Wife back",
              "exitLine": true
            },
            {
              "optionText": "Desculpe, não posso ajudar.",
              "responseText": "Sim, imaginei. O mundo está cheio de heróis até a hora de sujar as mãos.",
              "exitLine": true
            }
          ]
        }
      ]
    },
    {
      "optionText": "Talvez seja hora de vingança?",
      "onlyShowIfProgressionEventPlayed": "failedToBringTheFarmerWife",
      "responseText": "Vingança? Ha! Aqueles filhos da puta da Irmandade vão ter o que merecem—de um jeito ou de outro.",
      "exitLine": true
    },
    {
      "optionText": "Boa sorte.",
      "responseText": "Sorte não vale porra nenhuma. Balas—essa é a sorte com que se pode contar.",
      "exitLine": true
    }
  ],
  "auto_lines": [
    "Dê mais um passo e eu juro pela calcinha ainda quente da Mira, que vou arrancar sua cabeça. Agora desembuche a porra toda."
  ]
}
