{
  "options": [
    {
      "optionText": "Gina... OH DEUS, QUE PORRA ACONTECEU?",
      "progressionEventPlayed": "talkedToGinaAfterPurge",
      "responseText": "*engasgando, sorriso encharcado de sangue* b-bem, o especial do chef hoje... *tosse violentamente* purê de Gina à la chão... t-temperado com traição... e-e sangue extra para dar sabor. h-hah...",
      "followUpOptions": [
        {
          "optionText": "Gina, fique comigo! Você vai conseguir!",
          "responseText": "*risada engasgada* oh, docinho... *ofega* eu já... s-saí do forno... e estou... queimada até virar cinza. *sangue borbulha em sua garganta* d-diga... diga que meus pães... e-eram perfeitos... só uma vez... *sua voz falha com desespero* só... u-uma vez antes de eu... *tosse violentamente*"
        },
        {
          "optionText": "Quem fez isso?",
          "responseText": "*tosse sangue, olhos revirando* f-foi ele... *chiado ofegante* Übercel... aquele... psicopata molenga, cheirador de bratwurst... *engasga, sangue escorrendo de seus lábios* d-disse que meus pães eram ‘indignos’... m-me chamou de... degenerada. E-eu! Hah... você *ofega* acredita nisso? *mais risadas engasgadas*"
        },
        {
          "optionText": "Há algo que eu possa fazer?",
          "responseText": "*tosse engasgada* h-heh... sim... c-consiga um caixão em forma de... de uma grande baguete... *ofega, sangue escorrendo de sua boca* ou, o-ou apenas me role para o forno... um último assado para a estrada... *sua voz falha* deus, estou... t-tão fria..."
        },
        {
          "optionText": "Sinto muito por não poder detê-lo.",
          "responseText": "oh... *risada ofegante* você n-não conseguiria parar um moedor de carne... de m-morder sua presa... *ofega por ar, seu corpo tremendo* a-apenas me prometa... *seus olhos brilham com uma luz fraca* continue fazendo piada... das m-minhas metáforas de linguiça... *ofega* ou este mundo é apenas... chato demais... *ofega, rindo fracamente*"
        },
        {
          "optionText": "Você não pode morrer aqui!",
          "responseText": "*sangue escorre pelo queixo, seus lábios se curvando em um sorriso quebrado* oh, docinho... *tosse violentamente* sou durona, mas nem eu consigo... *ofega* sobreviver a um... especial de liquidificador de corpo inteiro... *ela ri fracamente, sua voz falhando* me diga... *ofega* m-meu pão de decote pelo menos... *engasga* era bom o suficiente para um segundo olhar?"
        }
      ]
    },
    {
      "optionText": "[Acabe com ela]",
      "killCharacter": true,
      "progressionEventPlayed": "finishedGina",
      "specialEffects": ["stab"],
      "exitLine": true,
      "responseText": "*Os olhos de Gina se arregalam, confusos a princípio* e-espere, querido, o que você está— *lâmina entra, sangue jorra* deveria saber... não servir cru... *engasga, risada moribunda* você sempre foi... frio"
    },
    {
      "optionText": "Adeus Gina.",
      "responseText": "*um sussurro quebrado* C-cuide das... *tosse* receitas, sim...? O-o refúgio precisa... do meu molho secreto... *sua voz se desvanece em um engasgo gorgolejante* Hah... e-e não deixe... o Übercel t-transformá-las... em veganas... *sua cabeça pende, sangue escorrendo enquanto ela silencia*",
      "exitLine": true
    }
  ]
}
