{
  "options": [
    {
      "optionText": "Grace…",
      "responseText": "*Ela está olhando fixamente para o chão. Quando você diz o nome dela, ela se encolhe visivelmente, mas não levanta o olhar.*",
      "followUpOptions": [
        {
          "optionText": "Diga alguma coisa.",
          "responseText": "*Seus lábios se entreabrem levemente, uma respiração trêmula escapando de seu peito, mas nenhuma palavra sai. Seu corpo inteiro está tremendo enquanto ela se encolhe ainda mais.*"
        },
        {
          "optionText": "Não finja que não estou aqui.",
          "responseText": "*Seus olhos se fecham com força enquanto lágrimas escorrem por suas bochechas, soluços silenciosos sacudindo seus ombros finos. Ainda assim, ela se recusa a falar ou olhar para você.*"
        },
        {
          "optionText": "Tudo bem. Fique assim.",
          "responseText": "*Ela não se move. Não fala. Pequenas lágrimas pingam em suas coxas.*",
          "exitLine": true
        }
      ]
    }
  ],
  "auto_lines": ["*soluçando silenciosamente*"]
}
