[
  {
    "original_name": "Nuka-Cola Pillow",
    "original_description": "Guaranteed 100% fluff. Not guaranteed to quench your thirst.",
    "translated_name": "Almofada Nuka-Cola",
    "translated_description": "Garantia de 100% de fofura. Não garantido que mate sua sede."
  },
  {
    "original_name": "Vault Suit with a Zipper",
    "original_description": "For when you’re tired of stripping down like a feral ghoul every time nature calls. Efficiency, baby.",
    "translated_name": "Macacão do Refúgio com Zíper",
    "translated_description": "Para quando você cansar de se despir como um carniçal selvagem toda vez que a natureza chama. Eficiência, meu caro."
  },
  {
    "original_name": "Drums",
    "original_description": "For when you can't bang, so you bang on these instead.",
    "translated_name": "Bateria",
    "translated_description": "Para quando você não pode bater uma, então você bate nisso."
  },
  {
    "original_name": "Yao Guai Fur Pants",
    "original_description": "Warning: Wearing these may result in unsolicited ‘grr, baby, grr’ comments.",
    "translated_name": "Calças de Pelo de Yao Guai",
    "translated_description": "Aviso: Usar isto pode resultar em comentários não solicitados do tipo 'grr, gatinha, grr'."
  },
  {
    "original_name": "Yao Guai Fur Bra",
    "original_description": "Guaranteed to give you the confidence of a bear in heat. Proceed with caution.",
    "translated_name": "Sutiã de Pelo de Yao Guai",
    "translated_description": "Garantido que te dará a confiança de uma ursa no cio. Prossiga com cautela."
  },
  {
    "original_name": "Yao Guai Fur Slippers",
    "original_description": "Made from 100% pure 'I can’t believe I survived that' fur.",
    "translated_name": "Chinelos de Pelo de Yao Guai",
    "translated_description": "Feito de pelo 100% puro de 'não acredito que sobrevivi a isso'."
  },
  {
    "original_name": "S.P.E.C.I.A.L. Condoms",
    "original_description": "+50 to Sneak so you can get in and out without spawning any NPCs.",
    "translated_name": "Camisinhas S.P.E.C.I.A.L.",
    "translated_description": "+50 de Furtividade para você entrar e sair sem gerar nenhum NPC."
  },
  {
    "original_name": "Vault-Tec Blindfolds",
    "original_description": "Great for blocking out unwanted advances... and accountability.",
    "translated_name": "Vendas da Vault-Tec",
    "translated_description": "Ótimas para bloquear investidas indesejadas... e responsabilidades."
  },
  {
    "original_name": "Flowers",
    "original_description": "These flowers won’t get you laid, but they will distract her from the fact you haven’t showered in a week.",
    "translated_name": "Flores",
    "translated_description": "Essas flores não vão te ajudar a transar, mas vão distraí-la do fato de que você não toma banho há uma semana."
  },
  {
    "original_name": "Red Lingerie",
    "original_description": "Bold, dangerous, and guaranteed to make the Purity Police break out in a cold sweat.",
    "translated_name": "Lingerie Vermelha",
    "translated_description": "Ousada, perigosa e garantido que fará a Polícia da Pureza suar frio."
  },
  {
    "original_name": "Red Bra",
    "original_description": "When you’re tired of hiding your secrets, but still need something to hold them up.",
    "translated_name": "Sutiã Vermelho",
    "translated_description": "Quando você está cansada de esconder seus segredos, mas ainda precisa de algo para segurá-los."
  },
  {
    "original_name": "Chocolate",
    "original_description": "Perfect for secretly snacking in bed... or whatever else you’re doing alone in bed.",
    "translated_name": "Chocolate",
    "translated_description": "Perfeito para lanchar secretamente na cama... ou qualquer outra coisa que você esteja fazendo sozinho na cama."
  },
  {
    "original_name": "Vault-Tec bobblehead",
    "original_description": "Bounces faster than your heart when the Purity Police start pounding on your door.",
    "translated_name": "Bobblehead da Vault-Tec",
    "translated_description": "Balança mais rápido que seu coração quando a Polícia da Pureza começa a esmurrar sua porta."
  },
  {
    "original_name": "Super Mutant's Bracelet",
    "original_description": "Flex hard, die harder.",
    "translated_name": "Bracelete de Super Mutante",
    "translated_description": "Se exiba muito, morra mais ainda."
  },
  {
    "original_name": "Knife",
    "original_description": "Sometimes stabbing your problems is the only therapy you need.",
    "translated_name": "Faca",
    "translated_description": "Às vezes, esfaquear seus problemas é a única terapia de que você precisa."
  },
  {
    "original_name": "Nuka-Cola XXX",
    "original_description": "Quenches thirst, increases arousal. Side effects may include moaning, sweating, and an awkward talk with the overseer.",
    "translated_name": "Nuka-Cola XXX",
    "translated_description": "Mata a sede, aumenta a excitação. Efeitos colaterais podem incluir gemidos, suor e uma conversa constrangedora com o Supervisor."
  },
  {
    "original_name": "Box of Potatoes",
    "original_description": "The vault's most versatile tool: weapon, food, friend... it's got it all.",
    "translated_name": "Caixa de Batatas",
    "translated_description": "A ferramenta mais versátil do refúgio: arma, comida, amigo... tem de tudo."
  },
  {
    "original_name": "Teddy Bear",
    "original_description": "Comes pre-loaded with emotional support.",
    "translated_name": "Ursinho de Pelúcia",
    "translated_description": "Já vem pré-carregado com apoio emocional."
  },
  {
    "original_name": "Wine With Aphrodisiac",
    "original_description": "Perfect for romantic nights, regrettable mornings, and definitely some Purity Police paperwork.",
    "translated_name": "Vinho com Afrodisíaco",
    "translated_description": "Perfeito para noites românticas, manhãs de arrependimento e, definitivamente, alguma papelada da Polícia da Pureza."
  },
  {
    "original_name": "Banana",
    "original_description": "For when you’re feeling lonely and potassium-deficient.",
    "translated_name": "Banana",
    "translated_description": "Para quando você está se sentindo solitário e com deficiência de potássio."
  },
  {
    "original_name": "Fancy Lingerie",
    "original_description": "Perfect for those nights when you want to feel sexy.",
    "translated_name": "Lingerie Chique",
    "translated_description": "Perfeita para aquelas noites em que você quer se sentir sexy."
  },
  {
    "original_name": "Lipstick",
    "original_description": "Guaranteed to stay on longer than your self-control.",
    "translated_name": "Batom",
    "translated_description": "Garantido que dura mais do que seu autocontrole."
  },
  {
    "original_name": "Heels",
    "original_description": "Vault-Tec issued these 6-inch stilettos to remind you that even in a world without sex, you can still suffer for fashion.",
    "translated_name": "Saltos",
    "translated_description": "A Vault-Tec distribuiu esses saltos agulha de 15 cm para te lembrar que mesmo num mundo sem sexo, você ainda pode sofrer pela moda."
  },
  {
    "original_name": "Jewelry",
    "original_description": "Looks expensive. Probably is.",
    "translated_name": "Joias",
    "translated_description": "Parece caro. Provavelmente é."
  },
  {
    "original_name": "Purified water",
    "original_description": "Crystal-clear, radiation-free hydration stored in durable metal can.",
    "translated_name": "Água Purificada",
    "translated_description": "Hidratação cristalina, livre de radiação, armazenada em lata de metal durável."
  },
  {
    "original_name": "Gina Special",
    "original_description": "Neon-colored cocktail crafted in Gina’s steamy backroom.",
    "translated_name": "Especial da Gina",
    "translated_description": "Coquetel de cor neon preparado na salinha abafada da Gina."
  },
  {
    "original_name": "Spicy Meatballs",
    "original_description": "Two huge, perfectly rounded meatballs that come with a zesty kick. The bigger, the better, right?",
    "translated_name": "Almôndegas Picantes",
    "translated_description": "Duas almôndegas enormes e perfeitamente redondas com um toque picante. Quanto maior, melhor, certo?"
  },
  {
    "original_name": "Steamy Buns",
    "original_description": "Fresh out of the oven and hot to the touch. Gina’s famous buns are soft, warm, and always ready for a good squeeze.",
    "translated_name": "Pãezinhos Quentes",
    "translated_description": "Recém-saídos do forno e quentes ao toque. Os famosos pãezinhos da Gina são macios, quentinhos e sempre prontos para um bom aperto."
  },
  {
    "original_name": "Jumbo Sausage Surprise",
    "original_description": "A mouthful you won’t forget.",
    "translated_name": "Surpresa de Linguiça Jumbo",
    "translated_description": "Uma bocada que você não vai esquecer."
  },
  {
    "original_name": "Taco Tease",
    "original_description": "Stuffed just right and oozing with flavor.",
    "translated_name": "Provocação de Taco",
    "translated_description": "Recheado na medida certa e escorrendo sabor."
  },
  {
    "original_name": "Special Gravy Dip",
    "original_description": "Dip it, dunk it, or drizzle it—this thick, savory gravy is perfect for any kind of meat.",
    "translated_name": "Molho Especial para Mergulhar",
    "translated_description": "Mergulhe, afunde ou regue — este molho grosso e saboroso é perfeito para qualquer tipo de carne."
  },
  {
    "original_name": "Sticky Toffee Pudding",
    "original_description": "Soft, warm, and gooey in the middle. This dessert will have you licking your fingers and coming back for seconds.",
    "translated_name": "Pudim de Caramelo Pegajoso",
    "translated_description": "Macio, quentinho e cremoso por dentro. Esta sobremesa vai te fazer lamber os dedos e pedir mais."
  },
  {
    "original_name": "Thicc Whiskey",
    "original_description": "Burns like betrayal and hugs your liver like an angry ex.",
    "translated_name": "Uísque Encorpado",
    "translated_description": "Queima como traição e abraça seu fígado como uma ex raivosa."
  },
  {
    "original_name": "Raider's Automatic Rifle",
    "original_description": "Turns your enemies into Swiss cheese.",
    "translated_name": "Rifle Automático de Saqueador",
    "translated_description": "Transforma seus inimigos em queijo suíço."
  },
  {
    "original_name": "Stealth Boy",
    "original_description": "Become the vault’s greatest pervert without getting caught.",
    "translated_name": "Stealth Boy",
    "translated_description": "Torne-se o maior pervertido do refúgio sem ser pego."
  },
  {
    "original_name": "Vibrator",
    "original_description": "Comes in 'silent mode'.",
    "translated_name": "Vibrador",
    "translated_description": "Vem com 'modo silencioso'."
  },
  {
    "original_name": "Monster Dildo",
    "original_description": "Vault-Tec’s Patented 'Stress Reliever' - looks like a flashlight, sounds like a jackhammer.",
    "translated_name": "Consolo Monstruoso",
    "translated_description": "O 'Aliviador de Estresse' Patenteado da Vault-Tec - parece uma lanterna, soa como uma britadeira."
  },
  {
    "original_name": "Radaway Flavored Lube",
    "original_description": "Get slippery, stay safe, and keep those rads away while you go deep into vault activities.",
    "translated_name": "Lubrificante Sabor Rad-X",
    "translated_description": "Fique escorregadio, fique seguro e mantenha os rads longe enquanto você se aprofunda nas atividades do refúgio."
  },
  {
    "original_name": "Tina's “Private Dance” Holotape",
    "original_description": "A holotape featuring some velvet vocals and a lot of creaking.",
    "translated_name": "Holofita da 'Dança Privada' da Tina",
    "translated_description": "Uma holofita com vocais aveludados e muitos rangidos."
  },
  {
    "original_name": "Loose Housewives vol. 3",
    "original_description": "Opening this feels like releasing Poseidon’s fart.",
    "translated_name": "Donas de Casa Safadas vol. 3",
    "translated_description": "Abrir isto parece liberar o peido de Poseidon."
  },
  {
    "original_name": "Loose Housewives vol. 4",
    "original_description": "Opening this feels like releasing Poseidon’s fart.",
    "translated_name": "Donas de Casa Safadas vol. 4",
    "translated_description": "Abrir isto parece liberar o peido de Poseidon."
  },
  {
    "original_name": "Jet",
    "original_description": "The pre-war cure for second thoughts. Slows time. Accelerates mistakes.",
    "translated_name": "Jet",
    "translated_description": "A cura pré-guerra para o arrependimento. Retarda o tempo. Acelera os erros."
  },
  {
    "original_name": "Mini-nuke",
    "original_description": "Turn problems—and people—into vapor. Perfect for crowd control.",
    "translated_name": "Mini-Nuke",
    "translated_description": "Transforme problemas — e pessoas — em vapor. Perfeito para controle de multidões."
  },
  {
    "original_name": "Deathclaw ball sweat",
    "original_description": "The juice of the wasteland's legendary lizard chad.",
    "translated_name": "Suor de Saco de Deathclaw",
    "translated_description": "O suco do lendário lagarto alfa dos Ermos."
  },
  {
    "original_name": "Special Cucumber",
    "original_description": "Warning: can spontaneously start throbbing on its own.",
    "translated_name": "Pepino Especial",
    "translated_description": "Aviso: pode começar a latejar espontaneamente por conta própria."
  },
  {
    "original_name": "Special Cucumber Seeds",
    "original_description": "Guaranteed to grow long, firm, and ready for action—just add water, daddy.",
    "translated_name": "Sementes de Pepino Especial",
    "translated_description": "Garantido que crescerão longos, firmes e prontos para a ação — é só adicionar água, papai."
  },
  {
    "original_name": "Tuna",
    "original_description": "Opening this feels like releasing Poseidon’s fart.",
    "translated_name": "Atum",
    "translated_description": "Abrir isto parece liberar o peido de Poseidon."
  },
  {
    "original_name": "Loose Housewives vol. 2",
    "original_description": "Opening this feels like releasing Poseidon’s fart.",
    "translated_name": "Donas de Casa Safadas vol. 2",
    "translated_description": "Abrir isto parece liberar o peido de Poseidon."
  },
  {
    "original_name": "Mutant Head",
    "original_description": "Reeks of radiation and violence. Handle with caution.",
    "translated_name": "Cabeça de Mutante",
    "translated_description": "Fede a radiação e violência. Manuseie com cuidado."
  },
  {
    "original_name": "Laser Rifle Mk IV",
    "original_description": "A pre-war design that delivers searing energy blasts capable of melting armor.",
    "translated_name": "Rifle a Laser Mk IV",
    "translated_description": "Um projeto pré-guerra que dispara rajadas de energia capazes de derreter armaduras."
  },
  {
    "original_name": "Radbass",
    "original_description": "Heavily mutated descendant of the pre-War largemouth bass.",
    "translated_name": "Robalo-Rádio",
    "translated_description": "Descendente fortemente mutado do robalo pré-guerra."
  },
  {
    "original_name": "Project Peach: Daddy’s Not Home",
    "original_description": "She said she was ‘looking for tools.’ Boogey brought a wrench. And a camera.",
    "translated_name": "Projeto Pêssego: Papai Não Está em Casa",
    "translated_description": "Ela disse que estava 'procurando ferramentas'. Boogey trouxe uma chave inglesa. E uma câmera."
  },
  {
    "original_name": "Diana's Panties",
    "original_description": "Smells like a mix of defiance, regret, and 'I'm too good for this vault, but here we are.'",
    "translated_name": "Calcinha da Diana",
    "translated_description": "Cheira a uma mistura de desafio, arrependimento e 'sou boa demais para este refúgio, mas aqui estamos'."
  },
  {
    "original_name": "Gina's Recipe Book",
    "original_description": "Warning: Contains more buns, sausages, and cream pies than the Purity Police can handle.",
    "translated_name": "Livro de Receitas da Gina",
    "translated_description": "Aviso: Contém mais pãezinhos, linguiças e tortas de creme do que a Polícia da Pureza consegue lidar."
  },
  {
    "original_name": "Sexbot holotape",
    "original_description": "A pre-war relic containing the sexbot's original programming.",
    "translated_name": "Holofita do Robô Sexual",
    "translated_description": "Uma relíquia pré-guerra contendo a programação original do robô sexual."
  },
  {
    "original_name": "Vault suit",
    "original_description": "Fresh outta a laundry room, it’s got all the style of a 1950s janitor.",
    "translated_name": "Macacão do Refúgio",
    "translated_description": "Recém-saído da lavanderia, tem todo o estilo de um zelador dos anos 50."
  },
  {
    "original_name": "Contraband holotapes",
    "original_description": "The contraband holotapes that turns your Pip-Boy into a Pip-Booty.",
    "translated_name": "Holofitas Contrabandeadas",
    "translated_description": "As holofitas contrabandeadas que transformam seu Pip-Boy em um Pip-Bunda."
  },
  {
    "original_name": "Loose Housewives Vol.1",
    "original_description": "Turn the page, drop the pants, regret nothing.",
    "translated_name": "Donas de Casa Safadas Vol.1",
    "translated_description": "Vire a página, abaixe as calças, não se arrependa de nada."
  },
  {
    "original_name": "Loose Housewives Vol.2",
    "original_description": "Turn the page, drop the pants, regret nothing.",
    "translated_name": "Donas de Casa Safadas Vol.2",
    "translated_description": "Vire a página, abaixe as calças, não se arrependa de nada."
  },
  {
    "original_name": "Loose Housewives Vol.3",
    "original_description": "Turn the page, drop the pants, regret nothing.",
    "translated_name": "Donas de Casa Safadas Vol.3",
    "translated_description": "Vire a página, abaixe as calças, não se arrependa de nada."
  },
  {
    "original_name": "Loose Housewives Vol.4",
    "original_description": "Turn the page, drop the pants, regret nothing.",
    "translated_name": "Donas de Casa Safadas Vol.4",
    "translated_description": "Vire a página, abaixe as calças, não se arrependa de nada."
  },
  {
    "original_name": "Loose Housewives Vol.5",
    "original_description": "Turn the page, drop the pants, regret nothing.",
    "translated_name": "Donas de Casa Safadas Vol.5",
    "translated_description": "Vire a página, abaixe as calças, não se arrependa de nada."
  },
  {
    "original_name": "Stress balls",
    "original_description": "Perfect for squeezing or tossing, they’re guaranteed to reduce stress by at least 69%.",
    "translated_name": "Bolas de Estresse",
    "translated_description": "Perfeitas para apertar ou arremessar, garantido que reduzem o estresse em pelo menos 69%."
  },
  {
    "original_name": "Homemade Stew",
    "original_description": "Chunks of mutated meat, potatoes, and sparse vegetables—served warm.",
    "translated_name": "Ensopado Caseiro",
    "translated_description": "Pedaços de carne mutante, batatas e vegetais escassos — servido quente."
  },
  {
    "original_name": "Farmer's Daughter's Clothes",
    "original_description": "",
    "translated_name": "Roupas da Filha do Fazendeiro",
    "translated_description": ""
  },
  {
    "original_name": "Keys",
    "original_description": "The Merle Greaves' keys.",
    "translated_name": "Chaves",
    "translated_description": "As chaves de Merle Greaves."
  }
]
