{
  "options": [
    {
      "optionText": "Sabe que suas... uh, partes estão à mostra?",
      "responseText": "Opa, foi mal! Acho que estou dando ao refúgio um motivo real para fofocar. Não é como se eles tivessem algo melhor para fazer, de qualquer maneira."
    },
    {
      "optionText": "Tchau.",
      "responseText": "Quando terminar de fingir que é puro, venha me encontrar. Talvez eu até conserte minhas calças até lá — mas qual seria a graça nisso?",
      "exitLine": true
    }
  ]
}
