{
  "options": [
    {
      "optionText": "Oh Deus... QUE PORRA ACONTECEU COM VOCÊ?!",
      "progressionEventPlayed": "talkedToODAfterPurge",
      "responseText": "*cospe sangue, olhos revirando fracamente* o-o que... você acha? Hans... seu amiguinho... pirou... de vez. *tosse violentamente* o refúgio... é um grande... banho de sangue agora.",
      "followUpOptions": [
        {
          "optionText": "Por que você não se escondeu?!",
          "responseText": "*engasgando com sangue* Esconder? Você acha que eu poderia simplesmente... me arrastar para um canto... *tosse violentamente* ele matou... o Boogie. Eu não ia... ficar sentada... e deixar aquele desgraçado... vencer.",
          "followUpOptions": [
            {
              "optionText": "Boogie?",
              "responseText": "*olhos vidrados de lágrimas* ele... ele era meu melhor amigo... minha família... *arquejando por ar* Ele tentou... nós dois tentamos... *sorriso fraco* mas, acho que... pulseiras da amizade não param balas."
            },
            {
              "optionText": "Você foi corajosa ao enfrentá-lo.",
              "responseText": "*ri fracamente, tossindo sangue* Corajosa? Sim... claro... chame de corajosa. *gagueja sangue*"
            },
            {
              "optionText": "Boogie tentou te salvar?",
              "responseText": "*olhos marejados, lutando para respirar* Ele... ele foi o único... que já se importou comigo. *tosse violentamente* E agora... ele se foi... *engasga, encarando fracamente*"
            },
            {
              "optionText": "Oh Deus, seu braço...",
              "responseText": "*olha para o coto ensanguentado, sorrindo fracamente através da dor* ah, isso é só... a ideia do Hans de um... aperto de mão. *cospe sangue, a voz enfraquecendo* Tentei bloquear o machado dele... acontece que... braços não crescem de volta..."
            }
          ]
        },
        {
          "optionText": "Eu não sabia que ele faria isso!",
          "responseText": "*encarando fracamente, sangue escorrendo dos lábios* Ah, você... não sabia? O que... você acha que as suásticas... eram para quê? *engasga, cuspindo sangue* Idiota..."
        },
        {
          "optionText": "Hans é um lunático! Eu deveria tê-lo impedido.",
          "responseText": "*bufa sarcasticamente, gemendo de dor* Sim, bem... ótimo timing. Muito útil agora... *tosse*"
        },
        {
          "optionText": "Sinto muito, nunca quis que isso acontecesse.",
          "responseText": "*encarando através da dor, tossindo sangue* Você... você o ajudou, não foi? *engasga em um soluço* Você... trouxe a arma para ele. *voz falhando* A culpa é... toda sua.",
          "followUpOptions": [
            {
              "optionText": "Eu não pensei que ele iria tão longe.",
              "responseText": "*risada engasgada, cuspindo sangue* Você não pensou? Ah, bem, ótimo. Ninguém... morreu por sua causa... só porque você é... burro como uma porta. *arquejando* Se sente melhor agora?"
            },
            {
              "optionText": "Vou consertar isso. Eu juro.",
              "responseText": "*olhos perdendo o brilho, sussurrando fracamente* Consertar? *risada engasgada* Hans... garantiu... que não sobrasse nada... para consertar. Você... chegou tarde demais."
            }
          ]
        }
      ]
    },
    {
      "optionText": "Este lugar mereceu.",
      "exitLine": true,
      "responseText": "*ri amargamente, sangue escorrendo pelo queixo* Ah, claro... Hans... só nos fez um favor a todos, hein? *rosnado fraco* Você é tão doente... quanto ele... seu psicopata do caralho..."
    },
    {
      "optionText": "[Acabe com ela]",
      "killCharacter": true,
      "exitLine": true,
      "specialEffects": ["stab"],
      "progressionEventPlayed": "finishedOverseerDaughter",
      "responseText": "*seus olhos se arregalam* ...espera—não... ahh, você— *engasga* por quê...? *um suspiro molhado escapa enquanto seu corpo amolece*"
    },
    {
      "optionText": "Adeus.",
      "responseText": "*sussurrando fracamente, sua voz sumindo* vai se foder... e foda-se o Hans... espero... que vocês dois apodreçam no inferno... *desaba, sem vida*",
      "exitLine": true
    }
  ]
}
