{
  "options": [
    {
      "optionText": "De nada por esta... planta de pepino incomum.",
      "responseText": "Sério, obrigada! Essa coisa sozinha tornou meu dia — e a rebelião da minha xoxota — dez vezes mais emocionante. Você realmente sabe como cultivá-las!",
      "followUpOptions": [
        {
          "optionText": "Fico feliz que atendeu aos seus altos padrões.",
          "responseText": "Excedeu! Meus padrões agora são oficialmente do nível de pepino-mutante. Você estabeleceu um precedente perigoso, amigo."
        },
        {
          "optionText": "Da próxima vez, talvez me avise antes de ir com tudo?",
          "responseText": "O quê, e estragar a surpresa? Nah, metade da diversão é a emboscada de tentáculos. Considere um risco ocupacional de jardinagem perto de mim."
        }
      ]
    },
    {
      "optionText": "Vou deixar você com suas... aventuras de jardinagem.",
      "responseText": "Agradeço! Apareça mais tarde — talvez eu tenha descoberto algo ainda mais selvagem até lá.",
      "exitLine": true
    }
  ]
}
