{
  "options": [
    {
      "optionText": "O que você está fazendo aqui?",
      "responseText": "Oh merda! Uh, uh... eu estava só... fazendo a, uh, pesquisa! É, é isso. Tenho que garantir que a pressão da água esteja ótima. Não podemos deixar as moças ficarem... super excitadas, certo? Segurança em primeiro lugar!",
      "followUpOptions": [
        {
          "optionText": "Qual seu nome, amigo?",
          "responseText": "O nome é Paul, Paul o Espião, o inspetor de pureza não oficial do refúgio! Tenho que ficar de olho em qualquer, uh, uso inadequado da água, sabe? Não podemos deixar nenhum ato sujo passar impune, certo?"
        },
        {
          "optionText": "Sinceramente, respeito. Alguém tem que cuidar desses canos.",
          "responseText": "Exatamente! Quero dizer, esses canos não vão se inspecionar sozinhos, certo? Alguém tem que garantir que não haja, uh, entupimento. Gosto de pensar em mim como um... homem da manutenção. Eu mantenho as coisas fluindo suavemente."
        },
        {
          "optionText": "É isso que você faz por diversão, seu nojento?",
          "responseText": "Diversão? Não, não, não! Isso é um serviço público! Pense em mim como um salva-vidas. Além disso, quem mais vai garantir que todos estão usando o xampu da maneira certa? A ensaboação inadequada pode levar à... impureza."
        }
      ]
    },
    {
      "optionText": "Tchau",
      "responseText": "Vamos lá, você sabe que vai voltar. Ninguém resiste ao fascínio da... manutenção de canos.",
      "exitLine": true
    }
  ],
  "auto_lines": [
    "Ohhh, sim… é disso que eu gosto. Só um pequeno deslize dessa toalha… vamos lá, dê um agrado para o velho Paul."
  ]
}
