[
  {
    "original_name": "twink_massacre",
    "original_text": "You've joined <i>The Way of the Shaft</i>!\n\n<size=28><color=grey>As a member, you gain the <color=white><i>\"Twink Massacre\"</i></color> perk: deal 5% more damage to straight men.",
    "translated_name": "Massacre de Bofinhos",
    "translated_text": "Você se juntou ao *Caminho do Eixo*!\n\n<size=28><color=grey>Como membro, você ganha a vantagem <color=white><i>\"Massacre de Bofinhos\"</i></color>: causa 5% a mais de dano a homens héteros."
  },
  {
    "original_name": "coa_joined",
    "original_text": "You've joined <i>The Children of Atom</i>!\n\n<size=28><color=grey>As a member, you gain the <color=white><i>\"Atom's Embrace\"</i></color> perk: gain a 25% chance to resist The Glow's Curse.",
    "translated_name": "Adesão aos Filhos do Átomo",
    "translated_text": "Você se juntou aos *Filhos do Átomo*!\n\n<size=28><color=grey>Como membro, você ganha a vantagem <color=white><i>\"Abraço do Átomo\"</i></color>: ganha 25% de chance de resistir à Maldição do Brilho."
  },
  {
    "original_name": "aids",
    "original_text": "Congratulations! You’ve contracted an STD.\n\n<size=28><color=grey>Find a cure or you will die! Estimated time left: 95 days.",
    "translated_name": "AIDS",
    "translated_text": "Parabéns! Você contraiu uma DST.\n\n<size=28><color=grey>Encontre uma cura ou você morrerá! Tempo restante estimado: 95 dias."
  },
  {
    "original_name": "enclave_joined",
    "original_text": "You've joined the <i>Enclave</i>!\n\n<size=28><color=grey>As a member, you gain the <color=white><i>\"Cleansing Protocol\"</i></color> perk: Big Iron cards deal 5 more damage to ghouls and super mutants.",
    "translated_name": "Adesão ao Enclave",
    "translated_text": "Você se juntou ao *Enclave*!\n\n<size=28><color=grey>Como membro, você ganha a vantagem <color=white><i>\"Protocolo de Purificação\"</i></color>: cartas de Ferro Grosso causam 5 a mais de dano a carniçais e super mutantes."
  },
  {
    "original_name": "got_diana_pregnant",
    "original_text": "Congratulations! You got Diana pregnant!\n\n<size=28><color=grey>Thanks to Vault-Tec’s proprietary Accelerated Gestation Protocols™, all pregnancies only take 30 days—just enough time to pick a name for your kid!",
    "translated_name": "Engravidou a Diana",
    "translated_text": "Parabéns! Você engravidou a Diana!\n\n<size=28><color=grey>Graças aos Protocolos de Gestação Acelerada™ proprietários da Vault-Tec, todas as gestações duram apenas 30 dias — tempo suficiente para escolher um nome para seu filho!"
  },
  {
    "original_name": "new_overseer",
    "original_text": "You are now the Overseer of Vault 6969!\n\n<size=28><color=grey>Vault-Tec congratulates you: Former Overseer recycled. Porn protocols initiated. Your lack of ethics aligns perfectly with ours. Enjoy your stay!",
    "translated_name": "Novo Supervisor",
    "translated_text": "Você agora é o Supervisor do Refúgio 6969!\n\n<size=28><color=grey>A Vault-Tec te parabeniza: Supervisor anterior reciclado. Protocolos de pornografia iniciados. Sua falta de ética se alinha perfeitamente com a nossa. Aproveite sua estadia!"
  }
]
