{
  "options": [
    {
      "optionText": "Como você está se sentindo depois… daquilo?",
      "emotion": "Characters/Grace Wells/emotions/grace closed eyes",
      "responseText": "*limpa os lábios rapidamente* Eu… eu não sei… estranho… nojento… meio que… formigando… eu não sei… não me pergunte isso agora…",
      "followUpOptions": [
        {
          "optionText": "Você se arrepende?",
          "emotion": "Characters/Grace Wells/emotions/grace closed eyes",
          "responseText": "*solta uma respiração trêmula* Eu… eu não sei… talvez… talvez não… só… parecia que não era eu… como se meu cérebro tivesse desligado e… ugh, só… esquece."
        },
        {
          "optionText": "Você estava tão fofa com meu pau na sua boca.",
          "emotion": "Characters/Grace Wells/emotions/biting lip closed eyes",
          "responseText": "Para… só… para de falar… Deus… Não diga merdas assim… é doentio…"
        },
        {
          "optionText": "Você ficou quieta. O que está se passando na sua cabeça?",
          "emotion": "Characters/Grace Wells/emotions/grace closed eyes",
          "responseText": "*olha fixamente para o chão* Eu não sei… é como… tudo parece pesado… e meu peito dói… mas também… não consigo parar de… me sentir… estranha… por dentro…",
          "followUpOptions": [
            {
              "optionText": "Estranha como?",
              "emotion": "Characters/Grace Wells/emotions/grace closed eyes",
              "responseText": "Tipo… como se eu quisesse me encolher e morrer de vergonha… mas… também… não sei… quente… só… cala a boca…"
            }
          ]
        },
        {
          "optionText": "Sua boca foi incrível. Quero mais da próxima vez.",
          "emotion": "Characters/Grace Wells/emotions/grace scared",
          "responseText": "*olhos se arregalam em pânico* Próxima vez?! Eu… eu não… sei se estou pronta para isso… Deus… não consigo nem pensar direito agora…"
        }
      ]
    },
    {
      "optionText": "Você… gostaria de fazer de novo?",
      "emotion": "Characters/Grace Wells/emotions/grace scared",
      "responseText": "*fica tensa* Eu… eu não sei… ok? Não… não me pergunte isso agora… minha cabeça está toda… confusa…"
    },
    {
      "optionText": "Obrigado, Grace.",
      "emotion": "Characters/Grace Wells/emotions/biting lip closed eyes",
      "responseText": "*cora ainda mais* Não… me agradeça… é estranho…"
    },
    {
      "optionText": "Tchau",
      "emotion": "none",
      "responseText": "S-sim… tchau… e… só… não conte a ninguém… por favor…",
      "exitLine": true
    }
  ],
  "auto_lines": [
    "Deus… o que eu acabei de fazer…",
    "Deus… ainda consigo sentir o gosto…",
    "Por favor… só me deixe desaparecer…"
  ]
}
