{
  "options": [
    {
      "optionText": "Grace… o que exatamente você está fazendo?",
      "responseText": "*ofega alto, tirando as mãos e cobrindo o rosto corado* O-o quê?! E-eu não estava…! Quer dizer… ok, tudo bem, eu estava! Deus, isso é tão vergonhoso…",
      "followUpOptions": [
        {
          "optionText": "Não se preocupe, tudo bem cuidar de si mesma.",
          "responseText": "*enterra o rosto nas mãos* Sim, mas… не quando alguém está parado ali observando! Ugh… pode, tipo, não me olhar assim?"
        },
        {
          "optionText": "Parece que alguém levou meu conselho a sério.",
          "responseText": "*encara através do rubor* Cala a boca. Foi você quem me falou sobre isso, lembra? Eu só… queria ver qual era a grande coisa…",
          "followUpOptions": [
            {
              "optionText": "E? Como foi?",
              "responseText": "*geme, ainda cobrindo o rosto* Eu não sei, ok?! Foi… estranho, mas… meio bom… oh meu Deus, por que estamos sequer FALANDO sobre isso?!"
            },
            {
              "optionText": "Precisa de alguma… ajuda?",
              "responseText": "*olhos se arregalam de horror* COMO É QUE É?! Oh meu Deus, não! Só… vai embora!!"
            }
          ]
        },
        {
          "optionText": "Não pare por minha causa. Parece que você estava se divertindo.",
          "responseText": "*joga um travesseiro em você* Cala a boca cala a boca cala a boca! Ugh, você é um tarado…"
        },
        {
          "optionText": "Uau… acho que a vida no refúgio já está te afetando.",
          "responseText": "*faz beicinho, ainda vermelha como um pimentão* É, bem… talvez eu só esteja… curiosa. É chato aqui, ok?! Não torne as coisas estranhas…"
        }
      ]
    }
  ]
}
