{
  "options": [
    {
      "optionText": "Qual é a primeira pergunta?",
      "responseText": "Você está perambulando pelos Ermos e encontra uma saqueadora brutalmente ferida, implorando por misericórdia. Qual é o seu próximo passo?",
      "followUpOptions": [
        {
          "optionText": "A. Dar a ela um stimpak e um pouco de água.",
          "swapAnotherCharacterDialogue": [
            "Dr. Miranda Fondleton",
            "Characters/Dr. Miranda Fondleton/q2-2"
          ],
          "reloadDialogue": true,
          "progressionEventPlayed": "vault_test_pragmatic_answer_given",
          "responseText": "Que saudável! Anotarei sua necessidade latente de companhia."
        },
        {
          "optionText": "B. Roubar tudo dela, urinar em suas feridas e ir embora rindo.",
          "swapAnotherCharacterDialogue": [
            "Dr. Miranda Fondleton",
            "Characters/Dr. Miranda Fondleton/q2-2"
          ],
          "reloadDialogue": true,
          "progressionEventPlayed": "vault_test_sadistic_answer_given",
          "responseText": "Oh-ho-HO! Temos um pequeno goblin sádico do mijo na casa. Sociopatia clássica com um toque de fetiche por chuva dourada. Você é um coquetel de trauma reprimido, e estou bebendo puro, sem gelo."
        },
        {
          "optionText": "C. Salvá-la, mas apenas para vendê-la como escrava sexual para a caravana mais próxima.",
          "swapAnotherCharacterDialogue": [
            "Dr. Miranda Fondleton",
            "Characters/Dr. Miranda Fondleton/q2-2"
          ],
          "reloadDialogue": true,
          "progressionEventPlayed": "vault_test_exploitation_answer_given",
          "responseText": "Agora, esse é o espírito da Vault-Tec! Tráfico humano e uma ambiguidade moral de ferro. Nojento. Perturbador. Delicioso."
        },
        {
          "optionText": "D. Vendar os olhos dela com a própria calcinha e depois amordaçá-la com seu pau.",
          "swapAnotherCharacterDialogue": [
            "Dr. Miranda Fondleton",
            "Characters/Dr. Miranda Fondleton/q2-2"
          ],
          "reloadDialogue": true,
          "progressionEventPlayed": "vault_test_perversion_answer_given",
          "responseText": "Oh... meu Deus. Quero te odiar, mas não consigo parar de imaginar a cena. Se este é seu comportamento padrão, sou legalmente obrigada a te denunciar... O que não farei. Bem, por enquanto."
        }
      ]
    }
  ]
}
