{
  "options": [
    {
      "optionText": "Manda a próxima pergunta.",
      "responseText": "Você encontrou uma holofita pornô com seu Supervisor. Qual é a sua reação?",
      "followUpOptions": [
        {
          "optionText": "A. Transmiti-la para todo o refúgio. Todo mundo merece uma boa risada.",
          "swapAnotherCharacterDialogue": [
            "Dr. Miranda Fondleton",
            "Characters/Dr. Miranda Fondleton/q3-2"
          ],
          "reloadDialogue": true,
          "progressionEventPlayed": "vault_test_sadistic_answer_given",
          "responseText": "A humilhação pública é o fetiche que não para de dar frutos. E pontos extras se alguém na multidão terminar antes da fita."
        },
        {
          "optionText": "B. Chantagear aquele desgraçado pervertido por tampinhas.",
          "swapAnotherCharacterDialogue": [
            "Dr. Miranda Fondleton",
            "Characters/Dr. Miranda Fondleton/q3-2"
          ],
          "reloadDialogue": true,
          "progressionEventPlayed": "vault_test_exploitation_answer_given",
          "responseText": "Mmm, capitalismo sujo. Uma manobra clássica. Adoraria ver sua técnica de negociação em ação. De preferência sem camisa."
        },
        {
          "optionText": "C. Bater uma furiosamente para afirmar dominância e depois deixar anonimamente na mesa dele.",
          "swapAnotherCharacterDialogue": [
            "Dr. Miranda Fondleton",
            "Characters/Dr. Miranda Fondleton/q3-2"
          ],
          "reloadDialogue": true,
          "progressionEventPlayed": "vault_test_perversion_answer_given",
          "responseText": "Isso sim é guerra psicológica. Masturbação como um movimento de poder? Isso é além de degenerado — é arte performática. A Vault-Tec deveria te contratar como chefe de moral."
        },
        {
          "optionText": "D. Destruir a fita silenciosamente. Não é da minha conta.",
          "swapAnotherCharacterDialogue": [
            "Dr. Miranda Fondleton",
            "Characters/Dr. Miranda Fondleton/q3-2"
          ],
          "reloadDialogue": true,
          "progressionEventPlayed": "vault_test_pragmatic_answer_given",
          "responseText": "Uau. Você não explorou isso? Você é emocionalmente maduro ou morto por dentro."
        }
      ]
    }
  ]
}
