{
  "options": [
    {
      "optionText": "Próxima pergunta.",
      "responseText": "Um Deathclaw te encurrala, mas de repente se distrai, lambendo os próprios genitais. Rápido — qual é o seu movimento?",
      "followUpOptions": [
        {
          "optionText": "A. Fugir. Você не interrompe um boquete de Deathclaw.",
          "swapAnotherCharacterDialogue": [
            "Dr. Miranda Fondleton",
            "Characters/Dr. Miranda Fondleton/q4"
          ],
          "reloadDialogue": true,
          "progressionEventPlayed": "vault_test_pragmatic_answer_given",
          "responseText": "Falou como um homem que sabe quando deixar a natureza seguir seu curso. Você é sábio... ou extremamente interessado em voyeurismo."
        },
        {
          "optionText": "B. Filmar — alguém, em algum lugar, vai pagar muito por pornô de Deathclaw.",
          "swapAnotherCharacterDialogue": [
            "Dr. Miranda Fondleton",
            "Characters/Dr. Miranda Fondleton/q4"
          ],
          "reloadDialogue": true,
          "progressionEventPlayed": "vault_test_exploitation_answer_given",
          "responseText": "A Vault-Tec adora iniciativa, e eu adoro imundície comercializável. Você não é apenas depravado — você é um empreendedor do obsceno."
        },
        {
          "optionText": "C. Abrir o zíper do macacão, imitá-lo e ver quem termina primeiro.",
          "swapAnotherCharacterDialogue": [
            "Dr. Miranda Fondleton",
            "Characters/Dr. Miranda Fondleton/q4"
          ],
          "reloadDialogue": true,
          "progressionEventPlayed": "vault_test_perversion_answer_given",
          "responseText": "Que porra é essa. Você transformou isso numa competição de punheta. Eu nem tinha uma opção para isso. Preciso inventar um novo transtorno só para você. E estou anotando isso. Com giz de cera. Com uma mão."
        },
        {
          "optionText": "D. Puxar o pino de uma granada, enfiá-la no cu dele enquanto está distraído.",
          "swapAnotherCharacterDialogue": [
            "Dr. Miranda Fondleton",
            "Characters/Dr. Miranda Fondleton/q4"
          ],
          "reloadDialogue": true,
          "progressionEventPlayed": "vault_test_sadistic_answer_given",
          "responseText": "Oh, você tem um gosto para o espetáculo, dou-lhe essa."
        }
      ]
    }
  ]
}
