[
  {
    "original_title": "Meet 10 vault residents",
    "original_description": "You woke up in a strange vault. Meet its residents before they decide to throw your ass back out.",
    "translated_title": "Conheça 10 moradores do refúgio",
    "translated_description": "Você acordou em um refúgio estranho. Conheça seus moradores antes que decidam te chutar para fora."
  },
  {
    "original_title": "Talk to Grace",
    "original_description": "Thicc Tina offers Grace and her rich dad's location in exchange for sparing her gang.",
    "translated_title": "Fale com a Grace",
    "translated_description": "Thicc Tina oferece a localização de Grace e seu pai rico em troca de poupar sua gangue."
  },
  {
    "original_title": "Complete your personality test.",
    "original_description": "Vault psychologist insists you take a \"harmless\" test. She's way too into it.",
    "translated_title": "Complete seu teste de personalidade.",
    "translated_description": "A psicóloga do refúgio insiste que você faça um teste \"inofensivo\". Ela está muito empolgada com isso."
  },
  {
    "original_title": "Turn the Mega Speaker on.",
    "original_description": "Blast sick beats for the Way of the Shaft—turn on the Mega Speaker and shake the Wasteland.",
    "translated_title": "Ligue o Mega Alto-Falante.",
    "translated_description": "Toque batidas insanas para o Caminho do Eixo — ligue o Mega Alto-Falante e agite os Ermos."
  },
  {
    "original_title": "Report back to Baron.",
    "original_description": "You took out the Brotherhood outcast—let Baron Voss know the deed is done.",
    "translated_title": "Reporte-se ao Barão.",
    "translated_description": "Você eliminou o renegado da Irmandade — informe ao Barão Voss que o serviço foi feito."
  },
  {
    "original_title": "Kill 5 Nutsuckers",
    "original_description": "Candy needs help killing ball-sucking bugs that took the Vault under siege.",
    "translated_title": "Mate 5 Chupa-Sacos",
    "translated_description": "Candy precisa de ajuda para matar os insetos chupa-sacos que sitiaram o Refúgio."
  },
  {
    "original_title": "Eliminate the outcast.",
    "original_description": "Baron Voss wants a rogue Brotherhood preacher dead—his cult is too close to his walls.",
    "translated_title": "Elimine o renegado.",
    "translated_description": "O Barão Voss quer um pregador renegado da Irmandade morto — o culto dele está muito perto de seus muros."
  },
  {
    "original_title": "Get lingerie for Diana",
    "original_description": "Diana needs classy lingerie — definitely not Vault-issued. Check the vault's black market!",
    "translated_title": "Consiga lingerie para a Diana",
    "translated_description": "Diana precisa de lingerie elegante — definitivamente não fornecida pelo Refúgio. Verifique o mercado negro do refúgio!"
  },
  {
    "original_title": "Get dildo for Diana",
    "original_description": "Diana's losing it—get her a monster dildo, rumored to be somewhere out in the wasteland.",
    "translated_title": "Consiga um dildo para a Diana",
    "translated_description": "Diana está enlouquecendo — consiga para ela um dildo monstruoso, que dizem estar em algum lugar nos Ermos."
  },
  {
    "original_title": "Get tuna for Sir Whiskers.",
    "original_description": "Appease Sir Whiskers, Diana's cat, by offering him his royal tribute: tuna.",
    "translated_title": "Consiga atum para Sir Whiskers.",
    "translated_description": "Agrade Sir Whiskers, o gato da Diana, oferecendo-lhe seu tributo real: atum."
  },
  {
    "original_title": "Reach 1000 Vault Tension",
    "original_description": "Help the Resistence Leader overthrow the Overseer's anti-fap regime.",
    "translated_title": "Alcance 1000 de Tensão no Refúgio",
    "translated_description": "Ajude o Líder da Resistência a derrubar o regime anti-punheta do Supervisor."
  },
  {
    "original_title": "Reach 2000 Vault Tension",
    "original_description": "Help the Resistence Leader overthrow the Overseer's anti-fap regime.",
    "translated_title": "Alcance 2000 de Tensão no Refúgio",
    "translated_description": "Ajude o Líder da Resistência a derrubar o regime anti-punheta do Supervisor."
  },
  {
    "original_title": "Reach 3000 Vault Tension",
    "original_description": "Help the Resistence Leader overthrow the Overseer's anti-fap regime.",
    "translated_title": "Alcance 3000 de Tensão no Refúgio",
    "translated_description": "Ajude o Líder da Resistência a derrubar o regime anti-punheta do Supervisor."
  },
  {
    "original_title": "Reach 4000 Vault Tension",
    "original_description": "Help the Resistence Leader overthrow the Overseer's anti-fap regime.",
    "translated_title": "Alcance 4000 de Tensão no Refúgio",
    "translated_description": "Ajude o Líder da Resistência a derrubar o regime anti-punheta do Supervisor."
  },
  {
    "original_title": "Reach 5000 Vault Tension",
    "original_description": "Help the Resistence Leader overthrow the Overseer's anti-fap regime.",
    "translated_title": "Alcance 5000 de Tensão no Refúgio",
    "translated_description": "Ajude o Líder da Resistência a derrubar o regime anti-punheta do Supervisor."
  },
  {
    "original_title": "Fix the Vault Sexbot",
    "original_description": "Restore the Vault's sexbot original programming to serve the Resistance.",
    "translated_title": "Conserte o Robô Sexual do Refúgio",
    "translated_description": "Restaure a programação original do robô sexual do Refúgio para servir à Resistência."
  },
  {
    "original_title": "Bonk 10 violators.",
    "original_description": "Help the Purity Police by bonking 10 rulebreakers around the vault.",
    "translated_title": "Dê um 'bonk' em 10 infratores.",
    "translated_description": "Ajude a Polícia da Pureza dando 'bonks' em 10 infratores pelo refúgio."
  },
  {
    "original_title": "Speak with Buster",
    "original_description": "You fucked Buster's crush right in front of him. Let's see what he thinks.",
    "translated_title": "Fale com o Buster",
    "translated_description": "Você fodeu a paixão do Buster bem na frente dele. Vamos ver o que ele acha."
  },
  {
    "original_title": "Retrieve Recipe Book for Gina",
    "original_description": "Gina asked you to retrieve a confiscated recipe book from the Purity Police.",
    "translated_title": "Recupere o Livro de Receitas para a Gina",
    "translated_description": "Gina pediu para você recuperar um livro de receitas confiscado da Polícia da Pureza."
  },
  {
    "original_title": "Help Gina Clean the Diner",
    "original_description": "Gina asked you to help her clean the Diner.",
    "translated_title": "Ajude a Gina a Limpar a Lanchonete",
    "translated_description": "Gina pediu para você ajudá-la a limpar a Lanchonete."
  },
  {
    "original_title": "Grow cucumbers for Gina",
    "original_description": "Gina asked you to grow special cucumbers for her *special* salad.",
    "translated_title": "Cultive pepinos para a Gina",
    "translated_description": "Gina pediu para você cultivar pepinos especiais para a salada *especial* dela."
  },
  {
    "original_title": "Get a vault suit for Grace.",
    "original_description": "Grace's still wandering hallways naked. Get her a vault suit.",
    "translated_title": "Consiga um macacão do refúgio para a Grace.",
    "translated_description": "Grace ainda está perambulando nua pelos corredores. Consiga um macacão do refúgio para ela."
  },
  {
    "original_title": "Bring Grace to her father.",
    "original_description": "Escort Grace, a brothel-held baron’s daughter, back to her wealthy father.",
    "translated_title": "Leve a Grace até o pai dela.",
    "translated_description": "Escorte Grace, a filha de um barão mantida em um bordel, de volta para seu pai rico."
  },
  {
    "original_title": "Get a Gun for Hans",
    "original_description": "One of the residents asked for a gun to gain power in the vault. Seems like he has big plans.",
    "translated_title": "Consiga uma Arma para o Hans",
    "translated_description": "Um dos moradores pediu uma arma para ganhar poder no refúgio. Parece que ele tem grandes planos."
  },
  {
    "original_title": "Extract Deathclaw ball sweat",
    "original_description": "Overseer’s daughter needs Deathclaw ball juice for a 'love potion' she's working on.",
    "translated_title": "Extraia suor de saco de Deathclaw",
    "translated_description": "A filha do Supervisor precisa de suco de saco de Deathclaw para uma 'poção do amor' em que está trabalhando."
  },
  {
    "original_title": "Bring down Mistress Domina",
    "original_description": "Overseer Blue Balls sends you to stop Mistress Domina's reign of terror.",
    "translated_title": "Derrube a Mistress Domina",
    "translated_description": "O Supervisor Saco Azul te envia para acabar com o reinado de terror da Mistress Domina."
  },
  {
    "original_title": "Talk to the Overseer",
    "original_description": "Scarlett said the Overseer has a \"very important\" job for you. You might want to talk to him.",
    "translated_title": "Fale com o Supervisor",
    "translated_description": "Scarlett disse que o Supervisor tem um trabalho \"muito importante\" para você. Talvez você queira falar com ele."
  },
  {
    "original_title": "Get Diana's Panties for Jass",
    "original_description": "Steal Diana's panties for Hugh Jass, the vault’s most famous fapper.",
    "translated_title": "Pegue a Calcinha da Diana para o Jass",
    "translated_description": "Roube a calcinha da Diana para Hugh Jass, o punheteiro mais famoso do refúgio."
  },
  {
    "original_title": "Undo your mess.",
    "original_description": "Todd Howard demands you undo your cursed choices. Chant his mantra.",
    "translated_title": "Desfaça sua bagunça.",
    "translated_description": "Todd Howard exige que você desfaça suas escolhas amaldiçoadas. Cante seu mantra."
  },
  {
    "original_title": "Find Purified Water for Sammy",
    "original_description": "Sammy's sister asked you to get them clean water to treat Sammy's wound.",
    "translated_title": "Encontre Água Purificada para o Sammy",
    "translated_description": "A irmã de Sammy pediu para você conseguir água limpa para tratar o ferimento de Sammy."
  },
  {
    "original_title": "Bring 5 mutant heads to Enclave",
    "original_description": "Enclave has issued a bounty on local mutants. Deliver 5 heads to them for a reward.",
    "translated_title": "Leve 5 cabeças de mutantes para o Enclave",
    "translated_description": "O Enclave emitiu uma recompensa por mutantes locais. Entregue 5 cabeças a eles por uma recompensa."
  },
  {
    "original_title": "Bring a Brahmin to Children of Atom",
    "original_description": "Mother Virela asked you to bring them a Brahmin for sacrifice.",
    "translated_title": "Leve um Brahmin para os Filhos do Átomo",
    "translated_description": "Madre Virela pediu para você levar um Brahmin para sacrifício."
  },
  {
    "original_title": "Get the Keys from Mr. Greaves",
    "original_description": "A ghoul slave asked you to get the keys from its owner so they can escape.",
    "translated_title": "Pegue as Chaves do Sr. Greaves",
    "translated_description": "Um escravo carniçal pediu para você pegar as chaves de seu dono para que ele possa escapar."
  },
  {
    "original_title": "Bring the Farmer's Wife back",
    "original_description": "Farmer Merle asked you to rescue his wife, taken by the Brotherhood after they refused to pay tribute.",
    "translated_title": "Traga a Esposa do Fazendeiro de volta",
    "translated_description": "O fazendeiro Merle pediu para você resgatar sua esposa, levada pela Irmandade depois que eles se recusaram a pagar tributo."
  },
  {
    "original_title": "Find June's clothes",
    "original_description": "A farmer’s daughter, June, lost her clothes again. Help her find them.",
    "translated_title": "Encontre as roupas da June",
    "translated_description": "Uma filha de fazendeiro, June, perdeu suas roupas de novo. Ajude-a a encontrá-las."
  },
  {
    "original_title": "Enter the Enclave Citadel",
    "original_description": "Hans has given you a password to enter the Encalve Citadel.",
    "translated_title": "Entre na Cidadela do Enclave",
    "translated_description": "Hans te deu uma senha para entrar na Cidadela do Enclave."
  },
  {
    "original_title": "Find the treasure.",
    "original_description": "The freed ghoul revealed the location of a hidden vault buried beneath a silo.",
    "translated_title": "Encontre o tesouro.",
    "translated_description": "O carniçal libertado revelou a localização de um refúgio escondido enterrado sob um silo."
  },
  {
    "original_title": "Escort Overseer's Daughter to Deathroot Bog",
    "original_description": "The Overseer's daughter wants to test her potion. Escort her to the Deathroot Bog.",
    "translated_title": "Escorte a Filha do Supervisor até o Pântano Deathroot",
    "translated_description": "A filha do Supervisor quer testar sua poção. Escorte-a até o Pântano Deathroot."
  },
  {
    "original_title": "Bring Diana fish.",
    "original_description": "Diana craves some fish, and with none in the vault, you must brave the wasteland to reel one in.",
    "translated_title": "Traga peixe para a Diana.",
    "translated_description": "Diana deseja um pouco de peixe, e sem nenhum no refúgio, você deve enfrentar os Ermos para pescar um."
  },
  {
    "original_title": "Help Diana Avoid Exile",
    "original_description": "Diana is pregnant with your child, but the Purity Police have deemed her a threat. Convince them to let her stay, or she’ll be exiled.",
    "translated_title": "Ajude a Diana a Evitar o Exílio",
    "translated_description": "Diana está grávida de seu filho, mas a Polícia da Pureza a considerou uma ameaça. Convença-os a deixá-la ficar, ou ela será exilada."
  }
]
