{
  "options": [
    {
      "optionText": "Aqui, pegue isso. Espero que o Sammy melhore logo.",
      "giveItem": "Purified water",
      "icon": "GUI/quest mark",
      "itemRequired": "Purified water",
      "onlyDisplayIfHasObjective": "Find Purified Water for Sammy",
      "progressionEventPlayed": "gave_clean_water_sammy",
      "markObjectiveComplete": "Find Purified Water for Sammy",
      "responseText": "Você é um salva-vidas — literalmente. O Sammy te deve uma grande. Obrigada.",
      "relationshipPoints": 10,
      "exitLine": true
    },
    {
      "optionText": "Bom ver que você ainda está inteira.",
      "responseText": "Sim, graças a você. Os saqueadores pegaram suas tampinhas, nos deixaram em paz. Aqui, um pouco de comida como um pequeno agradecimento.",
      "giveItem": "Homemade Stew",
      "dontShowIfProgressionEventPlayed": "received_thank_you_food",
      "progressionEventPlayed": "received_thank_you_food",
      "followUpOptions": [
        {
          "optionText": "Agradeço. O cheiro está bom.",
          "exitLine": true,
          "responseText": "Não espere milagres, mas vai te manter de pé. Sério, te devemos mais do que isso."
        },
        {
          "optionText": "Espero que suas habilidades culinárias sejam boas.",
          "exitLine": true,
          "responseText": "Encantador como sempre, hein? Apenas coma o ensopado e cale a boca."
        }
      ]
    },
    {
      "optionText": "Os saqueadores ainda estão te dando problemas?",
      "responseText": "Felizmente, não. Depois que pegaram suas tampinhas, parece que passaram para outros alvos. Por enquanto, pelo menos. Não vai durar para sempre, mas é um respiro."
    },
    {
      "optionText": "Como estão o velho e o garoto?",
      "responseText": "O vovô finalmente conseguiu dormir um pouco, e o Sammy até sorriu ontem. Fazia tempo que não víamos isso. Acho que a bondade não está completamente extinta por aqui."
    },
    {
      "optionText": "Precisa de mais alguma coisa?",
      "icon": "GUI/quest mark",
      "dontShowIfProgressionEventPlayed": "gave_clean_water_sammy",
      "dontDisplayIfHasObjective": "Find Purified Water for Sammy",
      "responseText": "Você já fez muito. Mas... o Sammy tem um pequeno ferimento. Se encontrar água limpa, poderia ajudar a tratá-lo.",
      "followUpOptions": [
        {
          "optionText": "Aqui, pegue isso. Espero que o Sammy melhore logo.",
          "giveItem": "Purified water",
          "itemRequired": "Purified water",
          "exitLine": true,
          "progressionEventPlayed": "gave_clean_water_sammy",
          "responseText": "Você é um salva-vidas — literalmente. O Sammy te deve uma grande. Obrigada.",
          "relationshipPoints": 10
        },
        {
          "optionText": "Vou ficar de olho. Aguente firme.",
          "icon": "GUI/quest mark",
          "addObjective": "Find Purified Water for Sammy",
          "exitLine": true,
          "dontDisplayIfHasObjective": "Find Purified Water for Sammy",
          "responseText": "Obrigada. É bom saber que temos alguém cuidando de nós."
        }
      ]
    },
    {
      "optionText": "Só de passagem. Se cuida.",
      "responseText": "Você também. Cuidado por aí — o mundo poderia usar mais gente como você.",
      "exitLine": true
    }
  ],
  "auto_lines": ["Bem, olha quem é. Fico feliz que ainda esteja vivo."],
  "showShadowFigures": "Wastelanders"
}
