{
  "options": [
    {
      "optionText": "Quão perto estamos?",
      "responseText": "Perto? Estamos tão perto que consigo sentir o gosto — e tem gosto de liberdade!"
    },
    {
      "optionText": "Existe um plano B?",
      "responseText": "Plano B? Claro que sim. Se os Policiais da Pureza tentarem nos jogar na Câmara da Vergonha, vamos implantar a holofita hackeada que transforma o briefing de segurança do Supervisor em uma compilação de hentai aprovada pela Vault-Tec. Eles estarão babando em cinco minutos ou menos, garantido."
    },
    {
      "optionText": "Acabaram as minhas revistas. Você tem mais?",
      "dontShowIfProgressionEventPlayed": "mags_vol4_handed",
      "giveItem": "Loose Housewives Vol.4",
      "numOfCopiesToGive": 4,
      "progressionEventPlayed": "mags_vol4_handed",
      "exitLine": true,
      "icon": "GUI/magazine",
      "responseText": "Já secou? Admiro a correria. Aqui, pegue estas — edições limitadas, impressões pré-guerra."
    },
    {
      "optionText": "Tchau.",
      "responseTexts": [
        "Lembre-se, quando sua mão se sentir solitária esta noite, você sabe onde me encontrar. Viva a revolução da punheta!",
        "Quando a agricultura de batata e as palestras de pureza ficarem demais, saiba que há um estoque de contrabando e algumas mãos direitas leais esperando por você. Bata uma bem, meu amigo.",
        "Até mais, cara. Estarei no lugar de sempre... bem atrás de você, à espreita nas sombras. Sem pressão, no entanto."
      ],
      "exitLine": true
    }
  ],
  "auto_lines": [
    "Cara, o refúgio está a uma piada sugestiva de explodir! Acabei de ver dois Policiais da Pureza se esbofeteando com seus próprios Cassetetes de Bonk por pura frustração. Nós os pegamos se debatendo como peixes fora d'água!"
  ]
}
