{
  "options": [
    {
      "optionText": "Essa toalha não é um pouco... pequena?",
      "responseText": "Bem, eu não estava planejando ficar *coberta* por muito tempo, mas gosto de manter as coisas interessantes. Não concorda?",
      "followUpOptions": [
        {
          "optionText": "Eu... sim, é bem interessante.",
          "responseText": "Bom saber que você aprecia a vista. Talvez da próxima vez eu torne ainda mais... emocionante."
        }
      ]
    }
  ]
}
