{
  "options": [
    {
      "optionText": "Não estou babando. Ok, talvez um pouco, mas é que está quente aqui.",
      "responseText": "Claro, é o calor. Não a visão de uma mulher nua. Eu entrei em um refúgio cheio de adolescentes, ou você é *tão* sem esperança assim?",
      "followUpOptions": [
        {
          "optionText": "Olha, eu posso explicar. Eu só nunca estive tão... uh... despreparado.",
          "responseText": "Despreparado? Docinho, isso é o eufemismo do século. Você parece que foi pego com as calças na mão — exceto que, tragicamente, elas ainda estão vestidas."
        },
        {
          "optionText": "Sou um homem de *autocontrole*. Apenas... muito autocontrole.",
          "responseText": "Autocontrole? É assim que você chama essa contração nas suas calças? Talvez você queira se 'controlar' um pouco mais antes que a Polícia da Pureza arrombe a porta."
        }
      ]
    }
  ]
}
