{
  "options": [
    {
      "optionText": "Belo vestido. Esqueceu as calças ou só está tentando me distrair?",
      "responseText": "Ah, por favor, como se você precisasse de distração. Um vislumbre e seu pau já está tomando todas as decisões por você.",
      "followUpOptions": [
        {
          "optionText": "Sua xoxota parece que está implorando.",
          "responseText": "Implorando? Você acha que esta xoxota implora por alguma coisa? Não, querido, a única coisa implorando aqui é seu amiguinho negligenciado."
        }
      ]
    }
  ]
}
