{
  "options": [
    {
      "optionText": "Seus... atributos parecem bem, um, *à mostra* hoje.",
      "responseText": "Oh, qual é o problema? Nunca viu um par de tetas antes? Pensei que você tivesse mais... compostura.",
      "followUpOptions": [
        {
          "optionText": "Estou lidando muito bem, obrigado.",
          "responseText": "Por favor. Você está suando como se tivesse acabado de correr uma maratona. Honestamente, é fofo te ver fingir que tem algum controle."
        }
      ]
    }
  ]
}
