{
  "options": [
    {
      "optionText": "Você está mesmo com essa coisa vibrando com ela parada bem aí?",
      "responseText": "Ah, pode apostar que sim. Ela provavelmente pensa que é um defeito no duto de ventilação. Os coitados da Polícia da Pureza estão ocupados demais se masturbando com os olhos para notar que estou gozando à vista de todos.",
      "followUpOptions": [
        {
          "optionText": "Você realmente não dá a mínima, não é?",
          "responseText": "Docinho, eu não dou a mínima desde que as bombas caíram. Se eu dou alguma coisa, é frustração."
        }
      ]
    }
  ]
}
