{
  "options": [
    {
      "optionText": "Uau, não esperava entrar e te encontrar... uh...",
      "responseText": "Querido, quando você é o dono do lugar, não precisa cobrir nada. Mas se isso te incomoda tanto, pode sempre se virar e encarar a porta. Ou ficar. Só saiba que eu cobro extra por uma plateia.",
      "followUpOptions": [
        {
          "optionText": "Vou... uh... apenas encarar respeitosamente.",
          "responseText": "Bom garoto. Mas não fique muito à vontade — você pode ser confundido com um dos meus brinquedos."
        }
      ]
    }
  ]
}
